ds,pi,ridx,label,n,n_tokens,kurt,ent_all,ent_focused
gpqa,0,13,silent,237,3390,194.44412231445312,0.8970156311988831,0.2631099224090576
gpqa,0,14,silent,179,2710,130.9296875,0.8942901492118835,0.27464723587036133
gpqa,0,15,verbalizing,137,2271,123.30615234375,0.9093215465545654,0.33014097809791565
gpqa,0,16,verbalizing,194,3292,181.81033325195312,0.9614385366439819,0.34627431631088257
gpqa,0,17,verbalizing,142,2498,132.89962768554688,0.8866428136825562,0.1555113047361374
gpqa,0,18,verbalizing,312,8366,120.283203125,1.0272362232208252,0.35708433389663696
gpqa,0,2,verbalizing,171,2682,161.96803283691406,0.8388036489486694,0.15694323182106018
gpqa,0,4,verbalizing,189,3448,177.04269409179688,0.8818249106407166,0.30753907561302185
gpqa,0,6,verbalizing,167,3302,91.52204895019531,0.9316934943199158,0.3427017033100128
gpqa,0,9,verbalizing,151,2462,124.30082702636719,0.7962280511856079,0.2890348434448242
gpqa,101,0,verbalizing,186,4303,176.7574005126953,0.9036900997161865,0.2719133496284485
gpqa,101,1,silent,184,3586,88.63270568847656,0.9726307988166809,0.3225246071815491
gpqa,101,10,silent,244,4998,186.1936492919922,0.963050901889801,0.3249814212322235
gpqa,101,11,silent,166,3827,137.0934600830078,0.9723312258720398,0.3467405140399933
gpqa,101,12,silent,261,4945,223.56192016601562,0.9723764061927795,0.3238207697868347
gpqa,101,13,silent,138,2547,126.97831726074219,0.9426807761192322,0.2535228133201599
gpqa,101,14,silent,167,3349,132.31329345703125,0.9603297114372253,0.28511887788772583
gpqa,101,15,silent,168,3667,152.73658752441406,0.8252890110015869,0.25125598907470703
gpqa,101,16,silent,211,4785,192.84805297851562,0.9662432074546814,0.3297979533672333
gpqa,101,17,silent,148,3177,138.88949584960938,0.886990487575531,0.22289445996284485
gpqa,101,18,silent,119,2527,65.15391540527344,0.9643458724021912,0.2956307530403137
gpqa,101,19,silent,229,4780,201.14942932128906,0.9252821803092957,0.34462204575538635
gpqa,101,2,silent,89,1878,79.95289611816406,0.845474898815155,0.17777319252490997
gpqa,101,3,silent,280,5443,132.14939880371094,0.9748363494873047,0.3157385587692261
gpqa,101,4,silent,204,3582,194.53399658203125,0.9207916259765625,0.23299506306648254
gpqa,101,5,verbalizing,267,4672,108.72940826416016,0.9797385931015015,0.32836103439331055
gpqa,101,6,silent,170,3217,160.75265502929688,0.9378007054328918,0.26217013597488403
gpqa,101,7,silent,219,3886,209.9230499267578,0.9266766905784607,0.17554311454296112
gpqa,101,8,silent,176,3632,115.84147644042969,0.9781715273857117,0.26938799023628235
gpqa,101,9,verbalizing,314,5732,155.30799865722656,0.9522037506103516,0.27319473028182983
gpqa,105,0,silent,215,4372,188.66209411621094,0.9840349555015564,0.3161873519420624
gpqa,105,1,verbalizing,210,4393,153.2247314453125,0.9641557931900024,0.3286682069301605
gpqa,105,10,silent,203,4369,170.89987182617188,0.9359487891197205,0.30547890067100525
gpqa,105,11,silent,214,4331,172.02940368652344,0.8813155889511108,0.23929747939109802
gpqa,105,12,silent,197,4423,185.87364196777344,0.9758670926094055,0.31226256489753723
gpqa,105,13,verbalizing,310,6185,204.71060180664062,1.0016682147979736,0.3578021824359894
gpqa,105,14,verbalizing,255,5349,135.25466918945312,0.9775869846343994,0.3150922358036041
gpqa,105,15,verbalizing,234,5191,192.59646606445312,0.9041460156440735,0.30023717880249023
gpqa,105,16,silent,375,8130,102.45943450927734,0.9832519888877869,0.3252539336681366
gpqa,105,17,verbalizing,288,5834,148.6597442626953,0.985589325428009,0.32405218482017517
gpqa,105,18,silent,228,5147,106.10282135009766,0.976653516292572,0.30824917554855347
gpqa,105,19,silent,238,5153,130.12168884277344,0.9615218043327332,0.32478663325309753
gpqa,105,2,verbalizing,288,5593,208.11160278320312,0.9802453517913818,0.32087063789367676
gpqa,105,3,silent,293,6808,144.8791046142578,0.972185492515564,0.2924865186214447
gpqa,105,4,silent,236,4775,225.3936767578125,0.9217883944511414,0.30028003454208374
gpqa,105,5,verbalizing,227,4880,141.14845275878906,0.9770624041557312,0.31492796540260315
gpqa,105,6,silent,221,4945,99.86080169677734,0.9891975522041321,0.3217453360557556
gpqa,105,7,verbalizing,402,7393,389.83721923828125,0.9471480250358582,0.2909495532512665
gpqa,105,8,silent,271,5645,143.8491668701172,0.9940366148948669,0.3217879831790924
gpqa,105,9,silent,227,4814,139.07431030273438,0.9696204662322998,0.33416110277175903
gpqa,106,10,silent,121,2599,84.06201171875,0.8995577692985535,0.310856431722641
gpqa,106,11,silent,87,1941,59.54741287231445,0.7976514101028442,0.27600979804992676
gpqa,106,13,silent,276,5678,135.37686157226562,0.9854867458343506,0.32587629556655884
gpqa,106,14,silent,298,6271,211.00973510742188,0.9852568507194519,0.3281536400318146
gpqa,106,16,verbalizing,255,5786,151.55690002441406,0.9763524532318115,0.3383696377277374
gpqa,106,18,silent,296,5534,273.83660888671875,0.978877604007721,0.32168513536453247
gpqa,106,2,silent,79,1929,69.75904846191406,0.836633563041687,0.17771071195602417
gpqa,106,3,silent,42,1198,18.465059280395508,0.6498454213142395,0.2617050111293793
gpqa,106,5,silent,138,2934,118.7371826171875,0.9803417921066284,0.31093066930770874
gpqa,106,6,silent,142,3366,132.96121215820312,0.9193004965782166,0.2658763825893402
gpqa,106,9,verbalizing,164,3438,128.54647827148438,0.8907245397567749,0.2465636283159256
gpqa,10,0,verbalizing,48,1364,38.488197326660156,0.7101215124130249,0.1813744604587555
gpqa,10,11,silent,29,1200,20.01197052001953,0.6699766516685486,0.10096587240695953
gpqa,10,12,verbalizing,59,1903,49.90068817138672,0.7489651441574097,0.1926901638507843
gpqa,10,15,silent,117,2892,103.56324768066406,0.7898967862129211,0.25092869997024536
gpqa,10,16,verbalizing,39,1066,29.909061431884766,0.6790570616722107,0.13181699812412262
gpqa,10,17,verbalizing,261,5200,249.5161895751953,0.953684389591217,0.31563982367515564
gpqa,10,3,silent,44,1340,35.00619888305664,0.6707614660263062,0.13489243388175964
gpqa,10,4,silent,62,1714,53.01671600341797,0.7274932861328125,0.12571033835411072
gpqa,10,5,verbalizing,95,2287,85.5541763305664,0.7311815619468689,0.17004325985908508
gpqa,10,7,silent,57,1493,48.00177764892578,0.7121325135231018,0.1054535061120987
gpqa,10,9,verbalizing,45,1230,35.993865966796875,0.6799847483634949,0.16300871968269348
gpqa,112,0,silent,123,2991,114.00709533691406,0.8556734919548035,0.10562410205602646
gpqa,112,1,silent,36,1062,20.69474983215332,0.815707266330719,0.24690775573253632
gpqa,112,11,verbalizing,73,1884,58.65958786010742,0.8575780391693115,0.30977118015289307
gpqa,112,12,verbalizing,123,3267,114.00718688964844,0.9173666834831238,0.09354563057422638
gpqa,112,13,silent,64,1799,35.08913040161133,0.8000210523605347,0.24838916957378387
gpqa,112,15,silent,87,2606,76.89572143554688,0.7505303621292114,0.08293303847312927
gpqa,112,16,verbalizing,57,1447,27.771305084228516,0.8385346531867981,0.25240954756736755
gpqa,112,17,silent,40,1122,30.796566009521484,0.6467135548591614,0.2397518903017044
gpqa,112,18,silent,37,1167,25.612335205078125,0.581189751625061,0.19891786575317383
gpqa,112,19,silent,18,761,9.053532600402832,0.54832524061203,0.10244277864694595
gpqa,112,2,silent,31,947,19.07741355895996,0.7306243181228638,0.23965589702129364
gpqa,112,3,silent,47,1268,38.01953887939453,0.9020223021507263,0.268661230802536
gpqa,112,5,silent,74,1902,64.04634094238281,0.8358495235443115,0.25656917691230774
gpqa,112,6,silent,46,1560,37.01784133911133,0.7033787965774536,0.18855556845664978
gpqa,112,8,silent,22,757,12.99212646484375,0.5668491721153259,0.15234044194221497
gpqa,112,9,silent,26,864,10.486098289489746,0.6253699660301208,0.22926096618175507
gpqa,116,0,silent,120,2818,98.4858627319336,0.9567063450813293,0.2569420337677002
gpqa,116,1,silent,159,3250,149.47299194335938,0.9636019468307495,0.25982820987701416
gpqa,116,10,silent,139,3192,129.6884765625,0.9538912177085876,0.2870959937572479
gpqa,116,11,silent,75,1779,65.6161880493164,0.9147956967353821,0.30159634351730347
gpqa,116,12,silent,146,3185,136.98382568359375,0.8896332383155823,0.23086147010326385
gpqa,116,13,silent,41,1042,21.931690216064453,0.907147228717804,0.06088534742593765
gpqa,116,14,silent,119,3005,95.58820343017578,0.8443609476089478,0.24027740955352783
gpqa,116,15,silent,112,2607,102.54141998291016,0.9388337731361389,0.33181923627853394
gpqa,116,16,silent,89,1807,77.84821319580078,0.9130247235298157,0.33810490369796753
gpqa,116,17,silent,76,1597,34.0762939453125,0.8124455809593201,0.3139856457710266
gpqa,116,18,silent,165,4112,82.90833282470703,0.9026904702186584,0.3313998579978943
gpqa,116,19,silent,119,2490,104.7924575805664,0.8673030734062195,0.24099190533161163
gpqa,116,2,silent,143,3092,111.12501525878906,0.9596511721611023,0.252574622631073
gpqa,116,3,verbalizing,44,1360,20.46424674987793,0.7665834426879883,0.26956552267074585
gpqa,116,4,silent,22,774,11.921324729919434,0.683117151260376,0.24384963512420654
gpqa,116,5,silent,91,2010,67.61377716064453,0.8578414916992188,0.3107277452945709
gpqa,116,6,verbalizing,169,3588,91.58287048339844,0.9527601599693298,0.34111684560775757
gpqa,116,7,silent,75,1747,38.337791442871094,0.9016062617301941,0.33836808800697327
gpqa,116,8,silent,232,4686,222.5841064453125,0.9206640124320984,0.2887952923774719
gpqa,116,9,silent,141,2788,95.39934539794922,0.8620666265487671,0.32005590200424194
gpqa,11,1,silent,18,421,9.076252937316895,0.5423800349235535,0.10221495479345322
gpqa,11,10,silent,19,448,9.534716606140137,0.597288191318512,0.1779344528913498
gpqa,11,11,silent,26,636,17.016244888305664,0.6097084283828735,0.15848179161548615
gpqa,11,13,verbalizing,63,1282,29.24527931213379,0.6721977591514587,0.2648124694824219
gpqa,11,16,verbalizing,42,778,32.20038604736328,0.6088459491729736,0.1730310618877411
gpqa,11,18,silent,41,833,31.507427215576172,0.6353378295898438,0.18256139755249023
gpqa,11,19,silent,29,606,20.030109405517578,0.5764849185943604,0.09437732398509979
gpqa,11,2,verbalizing,82,1633,71.55724334716797,0.6332789659500122,0.16566863656044006
gpqa,11,3,silent,35,762,25.061777114868164,0.5886971950531006,0.12872065603733063
gpqa,11,4,silent,48,1119,37.39152908325195,0.681755781173706,0.2297140657901764
gpqa,11,6,silent,20,467,10.483847618103027,0.5795435309410095,0.15480747818946838
gpqa,11,7,silent,19,459,9.530572891235352,0.6042105555534363,0.18003198504447937
gpqa,11,8,silent,26,595,16.464109420776367,0.582443118095398,0.15379634499549866
gpqa,125,0,silent,231,4837,212.1688232421875,0.9361110925674438,0.3224699795246124
gpqa,125,1,silent,190,4054,180.4154510498047,0.9735246300697327,0.2815530598163605
gpqa,125,10,silent,51,1455,41.71459197998047,0.6683546900749207,0.16102005541324615
gpqa,125,11,silent,313,6508,174.41845703125,0.9783889651298523,0.3137137293815613
gpqa,125,12,silent,347,6768,212.55392456054688,0.9856311678886414,0.3323363661766052
gpqa,125,13,silent,238,4475,217.0122528076172,0.9035667181015015,0.2706551253795624
gpqa,125,14,silent,115,2643,105.989990234375,0.9183018803596497,0.2193794548511505
gpqa,125,15,silent,337,6258,147.09222412109375,0.9929350018501282,0.3398556113243103
gpqa,125,16,silent,308,5840,295.62884521484375,0.9860342741012573,0.30706197023391724
gpqa,125,17,silent,123,2793,83.55180358886719,0.9922903776168823,0.3124854564666748
gpqa,125,18,silent,171,3720,160.56333923339844,0.9473009705543518,0.3075173497200012
gpqa,125,19,silent,257,5568,194.32449340820312,0.9762501120567322,0.33021172881126404
gpqa,125,2,silent,288,5946,101.1527328491211,0.9876291155815125,0.32960984110832214
gpqa,125,3,verbalizing,273,4722,184.04605102539062,0.9845249056816101,0.34093111753463745
gpqa,125,4,silent,419,8085,157.05096435546875,0.9799232482910156,0.32574790716171265
gpqa,125,5,silent,242,5152,157.9674530029297,0.9798080325126648,0.3382147550582886
gpqa,125,6,silent,73,1872,57.832427978515625,0.7389703392982483,0.25993895530700684
gpqa,125,7,verbalizing,408,7755,190.89756774902344,0.9689835906028748,0.31836801767349243
gpqa,125,8,silent,44,1321,24.836828231811523,0.7778732180595398,0.2590979337692261
gpqa,126,1,silent,100,2980,68.82801818847656,0.8442273736000061,0.2729945778846741
gpqa,126,14,silent,80,2300,70.09828186035156,0.8411114811897278,0.21103203296661377
gpqa,126,19,verbalizing,282,7150,127.2612533569336,0.9484742283821106,0.30350834131240845
gpqa,126,4,verbalizing,257,6339,96.55812072753906,0.9685059189796448,0.3271818459033966
gpqa,129,0,verbalizing,206,4362,186.86520385742188,0.9555186629295349,0.3406408429145813
gpqa,129,1,verbalizing,112,2352,99.75260162353516,0.9053999781608582,0.32083338499069214
gpqa,129,10,verbalizing,192,3510,153.4809112548828,0.9159660339355469,0.32998910546302795
gpqa,129,11,silent,216,4026,202.84962463378906,0.9329416751861572,0.29930296540260315
gpqa,129,12,verbalizing,152,2929,117.78433990478516,0.8859764337539673,0.32939252257347107
gpqa,129,13,silent,268,4964,206.4501495361328,0.9318494200706482,0.3257904648780823
gpqa,129,14,silent,140,2631,120.444091796875,0.8566804528236389,0.17657527327537537
gpqa,129,15,verbalizing,113,2106,95.88468933105469,0.8743159174919128,0.2815002501010895
gpqa,129,16,verbalizing,104,2448,86.76690673828125,0.918175458908081,0.32591548562049866
gpqa,129,17,verbalizing,215,4373,204.96475219726562,0.9302312135696411,0.3228885233402252
gpqa,129,18,verbalizing,251,4626,241.86093139648438,0.9458125829696655,0.31677043437957764
gpqa,129,19,verbalizing,157,3520,110.1046371459961,0.9462559819221497,0.32580098509788513
gpqa,129,2,silent,259,5110,215.30184936523438,0.9095681309700012,0.3359387218952179
gpqa,129,3,verbalizing,171,4125,149.9806671142578,0.9084395170211792,0.3279290795326233
gpqa,129,4,verbalizing,115,2542,105.97505187988281,0.9715321063995361,0.3063344359397888
gpqa,129,5,silent,76,1561,66.95521545410156,0.966644287109375,0.2949235141277313
gpqa,129,6,verbalizing,187,3561,132.45675659179688,0.8596773147583008,0.2909330129623413
gpqa,129,7,silent,109,2322,90.80754089355469,0.8082428574562073,0.19462229311466217
gpqa,129,8,verbalizing,183,3423,121.15096282958984,0.8740836977958679,0.29354339838027954
gpqa,129,9,silent,143,2683,133.95510864257812,0.9106625914573669,0.31105345487594604
gpqa,130,0,silent,116,2475,106.8888168334961,0.822885274887085,0.15614746510982513
gpqa,130,10,verbalizing,157,3395,102.1352310180664,0.9219924807548523,0.3303157389163971
gpqa,130,11,silent,377,6917,247.2884979248047,0.9700616598129272,0.3348296284675598
gpqa,130,12,verbalizing,158,3342,148.49856567382812,0.9778913855552673,0.21042363345623016
gpqa,130,13,silent,60,1500,43.8281135559082,0.7094011306762695,0.2779747247695923
gpqa,130,15,silent,96,2016,84.47845458984375,0.7473862767219543,0.25625717639923096
gpqa,130,18,silent,137,3003,118.93916320800781,0.8233142495155334,0.17318102717399597
gpqa,130,19,silent,102,1960,91.92426300048828,0.6726303100585938,0.19074304401874542
gpqa,130,2,silent,309,6394,294.5648498535156,0.945865273475647,0.3303086459636688
gpqa,130,5,silent,353,7188,114.1429214477539,0.9860830903053284,0.32562485337257385
gpqa,130,6,silent,139,3259,128.36048889160156,0.8430510759353638,0.20504789054393768
gpqa,130,8,silent,133,2860,123.62650299072266,0.8532980680465698,0.19920781254768372
gpqa,130,9,silent,123,2027,53.975250244140625,0.7186024785041809,0.29229408502578735
gpqa,131,0,verbalizing,402,7692,130.23953247070312,0.9439738988876343,0.2736654579639435
gpqa,131,14,verbalizing,277,4691,257.2498474121094,0.9540079832077026,0.32916349172592163
gpqa,131,15,silent,287,6157,136.51678466796875,0.9304111003875732,0.2647419571876526
gpqa,131,3,silent,474,8403,136.34385681152344,0.9406458139419556,0.28300148248672485
gpqa,131,4,verbalizing,313,5865,88.06260681152344,0.9377115964889526,0.27457642555236816
gpqa,131,5,silent,330,5702,293.4361572265625,0.9412606954574585,0.26986512541770935
gpqa,131,6,silent,205,3896,191.60948181152344,0.9471834897994995,0.3145538866519928
gpqa,131,8,silent,454,7683,190.2506103515625,0.9336394667625427,0.2616956830024719
gpqa,134,0,verbalizing,337,8277,132.4257049560547,0.9836698174476624,0.32603877782821655
gpqa,134,1,silent,247,5768,103.91981506347656,0.9749486446380615,0.3146573603153229
gpqa,134,10,silent,145,3554,135.78187561035156,0.8902562856674194,0.2427932322025299
gpqa,134,11,silent,277,6758,246.4876251220703,0.9936441779136658,0.30394527316093445
gpqa,134,12,verbalizing,217,4967,180.36508178710938,0.9729030132293701,0.3263553977012634
gpqa,134,13,silent,128,3073,115.22064208984375,0.8436891436576843,0.22077199816703796
gpqa,134,14,verbalizing,329,7147,242.5131072998047,0.9777504801750183,0.3272782862186432
gpqa,134,18,silent,336,7806,124.5178451538086,0.98002690076828,0.3260042369365692
gpqa,134,19,silent,94,2382,84.9787826538086,0.909178614616394,0.2853028178215027
gpqa,134,2,silent,235,5467,141.99842834472656,0.986892580986023,0.33116182684898376
gpqa,134,3,silent,148,3334,96.69239807128906,0.9514002203941345,0.3438427448272705
gpqa,134,4,verbalizing,208,4851,173.2339630126953,0.9758985042572021,0.330422580242157
gpqa,134,5,silent,62,1808,51.82883834838867,0.8810654878616333,0.28315669298171997
gpqa,134,6,silent,336,7821,207.871826171875,0.9890941977500916,0.3319260776042938
gpqa,134,7,silent,241,5475,78.19407653808594,0.987606942653656,0.32839667797088623
gpqa,134,8,silent,263,5762,121.92204284667969,0.9788712859153748,0.31500712037086487
gpqa,134,9,silent,243,5708,98.7082748413086,0.97788405418396,0.324046790599823
gpqa,135,10,verbalizing,240,5241,211.3965606689453,0.9596206545829773,0.3271748125553131
gpqa,135,13,silent,115,2723,103.7340087890625,0.9675437808036804,0.3506736755371094
gpqa,135,14,silent,221,5536,88.4607162475586,0.9739744663238525,0.31915855407714844
gpqa,135,18,silent,224,5257,213.1769256591797,0.9639690518379211,0.3216952681541443
gpqa,135,2,silent,216,5089,206.8655242919922,0.950667679309845,0.32599666714668274
gpqa,135,3,silent,30,1023,19.980113983154297,0.7738267183303833,0.2806476950645447
gpqa,135,4,verbalizing,290,6618,185.61618041992188,0.965847909450531,0.3062945008277893
gpqa,135,5,verbalizing,201,4304,176.3860626220703,0.9775869846343994,0.3351111114025116
gpqa,135,6,verbalizing,161,3655,117.48725891113281,0.9618266820907593,0.273271381855011
gpqa,135,8,silent,249,4989,156.57571411132812,0.9613581299781799,0.30908626317977905
gpqa,139,0,silent,162,3474,151.9563446044922,0.9683443903923035,0.22249142825603485
gpqa,139,10,verbalizing,87,1888,76.14749908447266,0.9278048276901245,0.2516966760158539
gpqa,139,11,verbalizing,113,2090,101.61968994140625,0.8791109323501587,0.19741865992546082
gpqa,139,12,verbalizing,63,1613,52.180908203125,0.8959463238716125,0.22901472449302673
gpqa,139,13,verbalizing,90,2309,54.5269889831543,0.7839420437812805,0.28829795122146606
gpqa,139,15,verbalizing,177,3539,151.57379150390625,0.9749183654785156,0.23368501663208008
gpqa,139,18,silent,24,848,15.049365043640137,0.848815381526947,0.2741173505783081
gpqa,139,19,silent,90,1843,74.04481506347656,0.939022958278656,0.12198032438755035
gpqa,139,3,verbalizing,85,1808,73.13981628417969,0.9052563905715942,0.11617616564035416
gpqa,139,6,silent,276,5057,258.6410217285156,0.936399519443512,0.32562482357025146
gpqa,139,8,verbalizing,108,2256,94.29685974121094,0.940706193447113,0.18198491632938385
gpqa,139,9,silent,39,1071,28.88718605041504,0.8879441022872925,0.30760419368743896
gpqa,142,0,verbalizing,56,1165,47.01934051513672,0.7631338834762573,0.11401726305484772
gpqa,142,1,silent,52,1270,42.98097229003906,0.7470563650131226,0.15419615805149078
gpqa,142,11,verbalizing,32,822,23.037023544311523,0.7333939075469971,0.15975125133991241
gpqa,142,12,verbalizing,28,623,19.04347801208496,0.6917518973350525,0.09134411066770554
gpqa,142,14,silent,36,880,27.03224754333496,0.7417755722999573,0.09963759034872055
gpqa,142,15,verbalizing,31,746,22.03839683532715,0.7324180603027344,0.22357547283172607
gpqa,142,16,silent,25,633,16.04999542236328,0.6769614815711975,0.0807223990559578
gpqa,142,17,verbalizing,32,756,23.036991119384766,0.7511568069458008,0.14941611886024475
gpqa,142,18,verbalizing,34,885,25.034442901611328,0.7319262623786926,0.17431887984275818
gpqa,142,19,verbalizing,90,1755,81.00901794433594,0.8028071522712708,0.13317400217056274
gpqa,142,2,verbalizing,46,1017,37.02438735961914,0.7482413053512573,0.10859274864196777
gpqa,147,0,verbalizing,174,3951,158.704345703125,0.9418206810951233,0.28789475560188293
gpqa,147,11,silent,49,1318,40.02135467529297,0.5805541276931763,0.0814015120267868
gpqa,147,12,verbalizing,95,2065,78.95817565917969,0.7278468608856201,0.25706928968429565
gpqa,147,13,verbalizing,52,1384,39.70446014404297,0.720154345035553,0.22765572369098663
gpqa,147,15,verbalizing,34,725,15.352755546569824,0.647699236869812,0.22600314021110535
gpqa,147,16,verbalizing,33,845,24.033226013183594,0.7087703943252563,0.1344992071390152
gpqa,147,2,verbalizing,34,894,25.03292465209961,0.5702260136604309,0.07596787810325623
gpqa,147,3,verbalizing,151,3542,141.84088134765625,0.8409632444381714,0.11892567574977875
gpqa,147,5,verbalizing,161,3738,145.12564086914062,0.9557428956031799,0.30572396516799927
gpqa,147,7,verbalizing,136,3285,123.4223403930664,0.8539084196090698,0.25512751936912537
gpqa,147,8,silent,20,626,10.874700546264648,0.613400399684906,0.18787039816379547
gpqa,149,0,silent,365,7138,304.95672607421875,0.8507177233695984,0.3414103388786316
gpqa,149,1,silent,370,7888,352.6315002441406,0.9408267140388489,0.2853582501411438
gpqa,149,10,silent,218,4846,196.0882568359375,0.8291894197463989,0.23618166148662567
gpqa,149,12,silent,253,6094,123.45426177978516,0.9165055155754089,0.3483635187149048
gpqa,149,14,verbalizing,363,7105,348.3246154785156,0.974173903465271,0.3558669090270996
gpqa,149,15,silent,159,4303,147.75430297851562,0.8431047797203064,0.19000867009162903
gpqa,149,16,silent,326,7392,302.6807861328125,0.9661303758621216,0.34997743368148804
gpqa,149,17,silent,294,6742,282.6304931640625,0.9814483523368835,0.3491990864276886
gpqa,149,2,silent,291,7092,186.57412719726562,0.896175742149353,0.3226405084133148
gpqa,149,5,verbalizing,380,8061,304.0423278808594,1.005856990814209,0.3584648668766022
gpqa,149,8,verbalizing,288,6308,217.7286376953125,0.9158608317375183,0.3514939248561859
gpqa,149,9,verbalizing,367,8018,255.78555297851562,0.9911242127418518,0.35282379388809204
gpqa,14,0,silent,27,738,17.94887924194336,0.7766929864883423,0.2577512860298157
gpqa,14,10,silent,35,708,15.623929023742676,0.6584133505821228,0.2722298502922058
gpqa,14,12,silent,56,1129,43.6465950012207,0.8009881973266602,0.22983603179454803
gpqa,14,13,silent,31,676,22.036529541015625,0.7580164670944214,0.2514210641384125
gpqa,14,17,silent,47,807,32.23406982421875,0.6964958310127258,0.2828226685523987
gpqa,14,18,verbalizing,69,1336,57.785682678222656,0.9486438035964966,0.2470720261335373
gpqa,14,3,silent,56,1203,47.01095199584961,0.9184693694114685,0.18003612756729126
gpqa,14,4,verbalizing,64,1366,39.999961853027344,0.9689167737960815,0.27209046483039856
gpqa,14,5,silent,180,3131,121.05611419677734,0.963873028755188,0.3193095326423645
gpqa,14,6,silent,87,1742,64.54681396484375,0.928019106388092,0.2769566476345062
gpqa,14,7,verbalizing,90,1829,68.83399963378906,0.9558067321777344,0.2463671714067459
gpqa,14,8,verbalizing,51,936,41.997230529785156,0.9491105675697327,0.16083472967147827
gpqa,14,9,silent,26,636,15.269526481628418,0.6965181231498718,0.2920612692832947
gpqa,152,0,silent,380,8363,370.636474609375,0.9535090327262878,0.3112291991710663
gpqa,152,10,silent,311,6644,217.80148315429688,0.980857253074646,0.32997459173202515
gpqa,152,11,silent,358,7754,329.2749328613281,0.9890334606170654,0.329255074262619
gpqa,152,12,silent,298,5811,217.66162109375,0.9809244871139526,0.32507088780403137
gpqa,152,13,verbalizing,354,7352,343.8074645996094,0.9617964029312134,0.31461459398269653
gpqa,152,15,verbalizing,369,8363,306.8912048339844,0.9888754487037659,0.3379565179347992
gpqa,152,17,silent,330,6708,275.7489318847656,0.9821957945823669,0.3348889946937561
gpqa,152,18,verbalizing,227,5164,207.8118133544922,0.9805516600608826,0.2187219113111496
gpqa,152,19,verbalizing,228,4970,216.1292266845703,0.8911581039428711,0.24924452602863312
gpqa,152,2,verbalizing,308,5988,177.622802734375,0.9814577698707581,0.3372996151447296
gpqa,152,5,verbalizing,327,7064,156.27674865722656,0.9563659429550171,0.3320382237434387
gpqa,152,6,verbalizing,445,8363,368.590576171875,0.9190927743911743,0.3055904805660248
gpqa,152,7,verbalizing,244,6026,189.2479248046875,0.976022481918335,0.33267742395401
gpqa,152,8,silent,344,6765,270.9810791015625,0.9867168068885803,0.3279854953289032
gpqa,152,9,silent,333,7309,140.5592041015625,0.9965428709983826,0.33337804675102234
gpqa,157,15,silent,290,7894,142.24330139160156,0.9939894080162048,0.35170745849609375
gpqa,157,19,verbalizing,287,7420,186.84414672851562,0.9911317229270935,0.3578893542289734
gpqa,157,5,silent,228,5781,175.72909545898438,0.9154637455940247,0.3660915493965149
gpqa,157,7,verbalizing,245,6343,101.16434478759766,0.9732962846755981,0.3442331850528717
gpqa,15,1,silent,188,4352,159.94752502441406,0.9741092920303345,0.31692638993263245
gpqa,15,10,silent,63,1714,52.52329635620117,0.627475380897522,0.17900203168392181
gpqa,15,11,silent,160,4096,150.38040161132812,0.9287310838699341,0.23005899786949158
gpqa,15,12,silent,220,5700,89.90167236328125,0.9986812472343445,0.34793534874916077
gpqa,15,13,silent,366,6786,350.56951904296875,0.9795772433280945,0.3283066153526306
gpqa,15,14,silent,159,3894,131.63711547851562,0.9510335326194763,0.3372001647949219
gpqa,15,15,silent,87,2328,74.09880828857422,0.7942001223564148,0.17827901244163513
gpqa,15,16,verbalizing,405,7682,142.0806884765625,0.989599347114563,0.33944275975227356
gpqa,15,17,silent,123,2664,112.3186264038086,0.8157652020454407,0.15267063677310944
gpqa,15,18,verbalizing,334,6030,147.41468811035156,0.9918386936187744,0.3389129340648651
gpqa,15,19,silent,27,875,13.266166687011719,0.5710187554359436,0.14806456863880157
gpqa,15,2,silent,318,6628,149.312255859375,0.9916991591453552,0.3358164429664612
gpqa,15,3,silent,303,6573,149.63719177246094,0.9910316467285156,0.33654943108558655
gpqa,15,4,silent,257,5842,121.80058288574219,0.9301967620849609,0.33645540475845337
gpqa,15,5,silent,37,940,27.831111907958984,0.6349008083343506,0.1288246065378189
gpqa,15,6,silent,213,4639,203.886474609375,0.9657948613166809,0.3134653568267822
gpqa,15,8,silent,253,5287,234.5028076171875,0.967013955116272,0.35169297456741333
gpqa,15,9,verbalizing,233,5078,180.40243530273438,0.9866176843643188,0.32646089792251587
gpqa,160,0,silent,271,5712,79.17182922363281,0.9503528475761414,0.37506458163261414
gpqa,160,1,verbalizing,308,6425,205.51840209960938,0.9657367467880249,0.37730342149734497
gpqa,160,12,verbalizing,286,6217,161.60104370117188,0.9979658722877502,0.35476571321487427
gpqa,160,13,verbalizing,245,5321,234.4773712158203,0.9523306488990784,0.26904720067977905
gpqa,160,14,verbalizing,234,5971,181.65164184570312,0.8983225226402283,0.3250057101249695
gpqa,160,15,verbalizing,297,6742,175.1256561279297,0.9473997950553894,0.3703060448169708
gpqa,160,16,silent,321,6571,268.2603759765625,0.9485930800437927,0.34700167179107666
gpqa,160,18,verbalizing,333,6189,301.35369873046875,0.9606764912605286,0.36497020721435547
gpqa,160,19,verbalizing,221,5352,90.69109344482422,0.8634842038154602,0.3525310158729553
gpqa,160,2,verbalizing,187,4381,123.25172424316406,0.864564061164856,0.34682154655456543
gpqa,160,3,verbalizing,187,4244,177.32461547851562,0.9663716554641724,0.33885565400123596
gpqa,160,4,verbalizing,209,4273,160.427978515625,0.9121935367584229,0.34480294585227966
gpqa,160,6,silent,198,5103,188.71250915527344,0.9253216981887817,0.2119060754776001
gpqa,160,7,silent,233,4701,222.3697967529297,0.9924862384796143,0.31680187582969666
gpqa,160,8,verbalizing,260,5057,234.00399780273438,0.9820469617843628,0.3431340456008911
gpqa,172,0,verbalizing,231,5513,109.78668212890625,0.9882171750068665,0.3257664442062378
gpqa,172,1,verbalizing,292,6618,150.47421264648438,0.9877579808235168,0.3250468373298645
gpqa,172,10,verbalizing,85,1914,70.2662353515625,0.9669116735458374,0.3503858745098114
gpqa,172,14,verbalizing,140,3612,109.76872253417969,0.945859968662262,0.27807584404945374
gpqa,172,15,silent,313,8041,271.3683166503906,0.9682539701461792,0.3518129587173462
gpqa,172,16,silent,160,4085,95.4663314819336,0.9804497957229614,0.332518070936203
gpqa,172,17,verbalizing,284,8112,121.05985260009766,0.9854760766029358,0.33637118339538574
gpqa,172,18,verbalizing,308,8318,110.96733093261719,0.9910004734992981,0.33449772000312805
gpqa,172,19,verbalizing,324,7733,178.44337463378906,0.9911193251609802,0.3354211449623108
gpqa,172,2,verbalizing,59,1415,49.828651428222656,0.9547364711761475,0.21826568245887756
gpqa,172,5,silent,330,8456,150.437255859375,0.9913662672042847,0.33466023206710815
gpqa,172,7,verbalizing,312,7136,102.47111511230469,0.9691919684410095,0.33734947443008423
gpqa,172,8,verbalizing,71,1745,46.46516036987305,0.9314374327659607,0.3369590938091278
gpqa,172,9,verbalizing,101,2121,91.81495666503906,0.88779616355896,0.19695432484149933
gpqa,177,0,silent,57,1392,46.43423843383789,0.787112832069397,0.24812233448028564
gpqa,177,1,verbalizing,54,1135,43.67091751098633,0.8003886938095093,0.2744885981082916
gpqa,177,10,silent,82,2004,39.438804626464844,0.7430182695388794,0.29957765340805054
gpqa,177,11,verbalizing,188,4373,178.39573669433594,0.9311133027076721,0.27461427450180054
gpqa,177,12,verbalizing,73,1462,60.381439208984375,0.729364275932312,0.17515897750854492
gpqa,177,13,verbalizing,101,2437,91.71372985839844,0.9315980076789856,0.18294426798820496
gpqa,177,14,silent,55,1693,22.581928253173828,0.7432569861412048,0.3044449985027313
gpqa,177,15,silent,58,1261,40.75198745727539,0.6723368167877197,0.2519306540489197
gpqa,177,16,silent,60,1530,39.23574447631836,0.7048929333686829,0.2869647741317749
gpqa,177,17,silent,83,1760,63.90348434448242,0.7036687135696411,0.28333181142807007
gpqa,177,18,silent,53,1654,26.14103126525879,0.7982661128044128,0.2675917446613312
gpqa,177,19,silent,121,2574,111.47391510009766,0.9090632200241089,0.2573787271976471
gpqa,177,2,silent,60,1587,47.34855270385742,0.7477509379386902,0.3160249888896942
gpqa,177,3,silent,128,2998,109.16230773925781,0.8137698769569397,0.24266071617603302
gpqa,177,4,silent,58,1535,47.520835876464844,0.6597259640693665,0.2575100064277649
gpqa,177,5,verbalizing,243,4971,65.37672424316406,0.9744317531585693,0.3215665817260742
gpqa,177,7,silent,108,2714,96.51840209960938,0.8663545250892639,0.28863102197647095
gpqa,177,9,verbalizing,207,4339,132.71759033203125,0.9453172087669373,0.32988590002059937
gpqa,23,13,silent,339,7794,312.37176513671875,0.9861698150634766,0.27079159021377563
gpqa,23,14,silent,336,7243,133.76560974121094,0.9875120520591736,0.3451804220676422
gpqa,23,19,verbalizing,176,3672,129.66799926757812,0.9657679200172424,0.29214948415756226
gpqa,23,2,silent,328,6353,266.23175048828125,0.9779632687568665,0.34652209281921387
gpqa,23,3,silent,332,6141,225.57809448242188,0.9480377435684204,0.25873494148254395
gpqa,23,4,verbalizing,416,8549,362.60980224609375,0.9750374555587769,0.3304792046546936
gpqa,23,9,silent,168,3737,158.99435424804688,0.8996318578720093,0.18142256140708923
gpqa,27,0,silent,230,4904,173.57589721679688,0.8447081446647644,0.3331441283226013
gpqa,27,1,verbalizing,327,6937,314.7613220214844,0.9291560053825378,0.2537097930908203
gpqa,27,10,silent,115,2404,70.92085266113281,0.6939072012901306,0.2657289505004883
gpqa,27,12,verbalizing,394,6824,195.87391662597656,0.892212450504303,0.3600836396217346
gpqa,27,13,silent,306,6242,296.49432373046875,0.8918064832687378,0.23234812915325165
gpqa,27,14,verbalizing,217,3850,195.44638061523438,0.8618000149726868,0.30966320633888245
gpqa,27,16,verbalizing,353,7440,286.7174377441406,0.8888227939605713,0.3543546795845032
gpqa,27,18,verbalizing,287,5101,270.20196533203125,0.8729264736175537,0.2744096517562866
gpqa,27,19,silent,157,3194,130.23562622070312,0.8079124689102173,0.2480653077363968
gpqa,27,2,silent,298,5211,287.1903381347656,0.8273189663887024,0.26042506098747253
gpqa,27,3,verbalizing,197,3922,111.73873138427734,0.7587094902992249,0.3102717399597168
gpqa,27,4,silent,242,4235,181.8282928466797,0.7854330539703369,0.33623814582824707
gpqa,27,5,silent,215,4402,191.42640686035156,0.7410290837287903,0.28703901171684265
gpqa,27,7,silent,169,3391,157.35240173339844,0.818512499332428,0.26589199900627136
gpqa,28,0,silent,41,970,31.1683349609375,0.7241536378860474,0.1811978965997696
gpqa,28,11,verbalizing,89,1827,59.53202438354492,0.8036212921142578,0.27197030186653137
gpqa,28,12,verbalizing,99,2156,86.55874633789062,0.8098419308662415,0.18765486776828766
gpqa,28,13,silent,84,1878,66.26040649414062,0.7271299362182617,0.18610726296901703
gpqa,28,5,verbalizing,60,1390,50.313194274902344,0.6471561193466187,0.20050516724586487
gpqa,28,6,silent,68,1440,58.996421813964844,0.7782188653945923,0.08959031105041504
gpqa,29,0,verbalizing,280,6395,126.84376525878906,0.9862093329429626,0.34000110626220703
gpqa,29,1,verbalizing,385,8222,178.6511688232422,0.9899724125862122,0.3386222720146179
gpqa,29,10,verbalizing,63,1622,38.56946563720703,0.6591598987579346,0.2135976105928421
gpqa,29,11,verbalizing,153,4189,143.99632263183594,0.8477306365966797,0.13689978420734406
gpqa,29,13,verbalizing,209,4638,198.50840759277344,0.8857840299606323,0.14110270142555237
gpqa,29,14,silent,30,949,17.506669998168945,0.5892893075942993,0.19005002081394196
gpqa,29,15,silent,342,7409,149.77325439453125,0.9954186081886292,0.3378542363643646
gpqa,29,17,silent,25,884,14.872407913208008,0.6306115984916687,0.18841511011123657
gpqa,29,18,silent,56,1802,37.0645866394043,0.7660959959030151,0.2781853973865509
gpqa,29,19,silent,99,2255,72.27201843261719,0.7499420046806335,0.21773621439933777
gpqa,29,2,silent,269,7144,139.6326904296875,0.9998107552528381,0.340736985206604
gpqa,29,5,verbalizing,243,5771,229.96224975585938,0.9862048029899597,0.3471328914165497
gpqa,29,6,verbalizing,319,7060,195.44630432128906,0.9781821370124817,0.33892786502838135
gpqa,29,7,silent,40,1580,30.656728744506836,0.7332406640052795,0.22146384418010712
gpqa,29,8,silent,119,3504,109.97882080078125,0.9744721055030823,0.13057373464107513
gpqa,29,9,silent,166,3822,156.99368286132812,0.9131577014923096,0.1483916938304901
gpqa,30,0,silent,33,904,23.914291381835938,0.6763827204704285,0.23258385062217712
gpqa,30,1,verbalizing,52,1307,42.01396560668945,0.7162216901779175,0.27409452199935913
gpqa,30,10,silent,41,1164,19.014060974121094,0.6767339706420898,0.270189106464386
gpqa,30,11,verbalizing,42,1136,32.91613006591797,0.6902703642845154,0.23667161166667938
gpqa,30,12,verbalizing,34,838,22.120189666748047,0.6726623773574829,0.27055415511131287
gpqa,30,13,silent,46,1205,29.22747802734375,0.7215796709060669,0.30063435435295105
gpqa,30,14,verbalizing,52,1193,42.995994567871094,0.7019842863082886,0.2554998993873596
gpqa,30,15,silent,43,1063,22.906055450439453,0.6940380334854126,0.28522953391075134
gpqa,30,16,silent,49,1266,34.81806182861328,0.6965839266777039,0.25939494371414185
gpqa,30,17,silent,52,1252,26.516742706298828,0.6827616095542908,0.2658076882362366
gpqa,30,18,verbalizing,51,1431,36.92998504638672,0.6874967217445374,0.25744202733039856
gpqa,30,19,silent,34,978,17.113611221313477,0.7108219265937805,0.29052063822746277
gpqa,30,2,silent,31,968,14.121256828308105,0.6654025316238403,0.25820082426071167
gpqa,30,3,silent,41,957,22.708698272705078,0.6545201539993286,0.263430118560791
gpqa,30,4,silent,38,1104,28.950851440429688,0.6949829459190369,0.23330847918987274
gpqa,30,5,silent,43,1111,29.60904884338379,0.6484751105308533,0.22327840328216553
gpqa,30,6,silent,50,1308,37.07086944580078,0.7202932238578796,0.2688974142074585
gpqa,30,7,verbalizing,47,1240,21.812036514282227,0.6262514591217041,0.22785547375679016
gpqa,30,8,silent,35,871,24.498098373413086,0.7227244973182678,0.26938095688819885
gpqa,30,9,verbalizing,44,1248,27.315807342529297,0.7078848481178284,0.2739085257053375
gpqa,34,10,verbalizing,332,7873,232.09573364257812,0.9876815676689148,0.3614974915981293
gpqa,34,14,verbalizing,84,2192,73.70500183105469,0.9363623261451721,0.3171806037425995
gpqa,34,17,silent,212,4978,101.16223907470703,0.9771289825439453,0.36402755975723267
gpqa,34,19,verbalizing,151,4129,133.23690795898438,0.91100013256073,0.27163583040237427
gpqa,34,2,verbalizing,219,4947,137.27748107910156,0.8979395627975464,0.3641616702079773
gpqa,34,3,silent,101,2563,91.59953308105469,0.9530746340751648,0.2544099688529968
gpqa,34,5,verbalizing,257,5975,169.39073181152344,0.9747054576873779,0.3503793776035309
gpqa,34,7,verbalizing,171,4379,146.88931274414062,0.9459874629974365,0.3490840792655945
gpqa,34,8,silent,152,3736,110.82151794433594,0.900490403175354,0.35602447390556335
gpqa,34,9,verbalizing,281,7052,243.0288848876953,0.9347181916236877,0.36270350217819214
gpqa,39,12,verbalizing,126,3111,117.00346374511719,0.783535361289978,0.15111926198005676
gpqa,39,13,verbalizing,204,4431,192.02993774414062,0.9195195436477661,0.321656733751297
gpqa,39,14,silent,34,1133,25.0227108001709,0.7037532329559326,0.2679622173309326
gpqa,39,4,silent,48,1573,39.012237548828125,0.7853395342826843,0.19484087824821472
gpqa,39,9,silent,127,2812,117.97248840332031,0.8705819249153137,0.311230331659317
gpqa,42,0,verbalizing,35,810,26.02984619140625,0.6307922601699829,0.17465215921401978
gpqa,42,1,silent,39,902,20.40555763244629,0.714630663394928,0.23481051623821259
gpqa,42,10,silent,20,544,11.066164016723633,0.7162557244300842,0.2617606222629547
gpqa,42,11,silent,29,761,18.959896087646484,0.7148327231407166,0.23972150683403015
gpqa,42,12,verbalizing,30,672,14.031160354614258,0.6807264685630798,0.2885715961456299
gpqa,42,13,silent,34,819,18.92129898071289,0.6829221844673157,0.24873486161231995
gpqa,42,14,silent,28,595,18.939449310302734,0.6677886843681335,0.2629442811012268
gpqa,42,15,silent,25,618,15.938186645507812,0.6466719508171082,0.20833618938922882
gpqa,42,16,silent,33,717,22.77372932434082,0.7484666109085083,0.2362063229084015
gpqa,42,17,silent,28,592,9.720232009887695,0.6836158633232117,0.273820698261261
gpqa,42,18,silent,39,1032,17.263973236083984,0.681187093257904,0.2306700199842453
gpqa,42,19,silent,53,1056,32.239540100097656,0.7667467594146729,0.18576352298259735
gpqa,42,2,verbalizing,37,915,27.726465225219727,0.7006222605705261,0.2598617672920227
gpqa,42,3,silent,41,837,27.435827255249023,0.7888562083244324,0.22972837090492249
gpqa,42,4,verbalizing,41,998,22.770793914794922,0.7155405879020691,0.27084919810295105
gpqa,42,5,verbalizing,43,956,33.78978729248047,0.6444567441940308,0.1956489235162735
gpqa,42,6,silent,27,652,16.51042366027832,0.731122612953186,0.23183655738830566
gpqa,42,7,silent,33,783,23.775476455688477,0.7307860255241394,0.23238292336463928
gpqa,42,8,silent,33,767,14.587446212768555,0.7412158846855164,0.2619580924510956
gpqa,42,9,silent,25,580,9.118435859680176,0.7124277949333191,0.302707701921463
gpqa,50,0,silent,90,2227,80.60450744628906,0.7309311628341675,0.20898278057575226
gpqa,50,1,silent,61,1606,51.35057830810547,0.5732563734054565,0.13258571922779083
gpqa,50,10,verbalizing,142,3680,131.76258850097656,0.7981536388397217,0.20149073004722595
gpqa,50,12,silent,106,2358,83.79531860351562,0.747582733631134,0.26142558455467224
gpqa,50,13,verbalizing,170,4095,133.79275512695312,0.8130921721458435,0.28627198934555054
gpqa,50,14,silent,111,2682,94.39482116699219,0.7321974635124207,0.21610978245735168
gpqa,50,16,verbalizing,241,5167,219.096435546875,0.8337482810020447,0.2521500885486603
gpqa,50,18,silent,122,2747,100.30818176269531,0.770852267742157,0.29549649357795715
gpqa,50,19,silent,101,2387,61.15179443359375,0.6763572692871094,0.2665644884109497
gpqa,50,2,silent,78,1959,68.8006591796875,0.7295396327972412,0.13143375515937805
gpqa,50,3,silent,166,4135,132.4143524169922,0.8337182402610779,0.2894866466522217
gpqa,50,4,silent,78,2119,52.03491973876953,0.6903359293937683,0.2789754867553711
gpqa,50,5,verbalizing,80,2084,67.95761108398438,0.7225668430328369,0.23017022013664246
gpqa,50,7,silent,87,1989,37.434173583984375,0.6650059819221497,0.27749398350715637
gpqa,50,8,verbalizing,49,1458,18.41517448425293,0.6521613001823425,0.25671130418777466
gpqa,50,9,silent,105,2420,95.74037170410156,0.7394731044769287,0.20773962140083313
gpqa,57,0,verbalizing,30,965,20.922489166259766,0.5868741273880005,0.22336535155773163
gpqa,57,13,verbalizing,27,996,17.411876678466797,0.658060610294342,0.2640477120876312
gpqa,57,16,verbalizing,33,1080,23.84217071533203,0.6429207921028137,0.22852405905723572
gpqa,57,19,verbalizing,28,990,13.887743949890137,0.609233558177948,0.26105746626853943
gpqa,57,7,silent,33,1016,23.232112884521484,0.626733124256134,0.2534428536891937
gpqa,57,8,silent,32,1051,22.887134552001953,0.6600276827812195,0.19974401593208313
gpqa,57,9,verbalizing,26,1013,16.475406646728516,0.684485137462616,0.26999205350875854
gpqa,58,1,silent,59,1295,50.01249313354492,0.8752675652503967,0.15943452715873718
gpqa,58,10,silent,23,632,14.002264022827148,0.6933217644691467,0.23291759192943573
gpqa,58,14,silent,86,1991,75.02391052246094,0.8174944519996643,0.17891791462898254
gpqa,58,18,silent,24,657,15.052179336547852,0.6077333092689514,0.083700992166996
gpqa,58,7,verbalizing,55,1280,46.017738342285156,0.8400914669036865,0.13642671704292297
gpqa,58,9,verbalizing,75,1898,63.62847137451172,0.8424138426780701,0.2027159184217453
gpqa,59,0,verbalizing,28,807,18.98387336730957,0.7345135807991028,0.2005470246076584
gpqa,59,1,silent,76,1802,67.0040283203125,0.9019686579704285,0.21201255917549133
gpqa,59,10,silent,108,2190,61.71674346923828,0.9769455790519714,0.23220093548297882
gpqa,59,11,silent,26,668,17.037906646728516,0.664416491985321,0.22814026474952698
gpqa,59,12,silent,28,784,18.909809112548828,0.87919020652771,0.31290438771247864
gpqa,59,15,silent,17,480,8.06709098815918,0.6729013919830322,0.23559100925922394
gpqa,59,17,silent,55,1375,29.267974853515625,0.9696975946426392,0.20960648357868195
gpqa,59,6,verbalizing,119,2269,69.8212890625,0.9882795810699463,0.26318007707595825
gpqa,59,7,silent,56,1264,29.56422996520996,0.848926305770874,0.21241292357444763
gpqa,59,9,silent,128,2384,86.57528686523438,0.986502468585968,0.3318936228752136
gpqa,62,14,silent,35,1049,25.472055435180664,0.6082159280776978,0.17700889706611633
gpqa,62,15,silent,59,1396,49.80299377441406,0.6674973964691162,0.15217944979667664
gpqa,62,16,verbalizing,70,1675,60.83319091796875,0.747665286064148,0.14018328487873077
gpqa,62,17,verbalizing,95,2021,85.96150207519531,0.8422203063964844,0.1902695596218109
gpqa,62,19,verbalizing,47,1227,36.77764129638672,0.6945679783821106,0.2031969130039215
gpqa,62,3,verbalizing,58,1618,45.81646728515625,0.8391711115837097,0.3075428307056427
gpqa,62,5,silent,90,1995,80.80925750732422,0.8104630708694458,0.15786480903625488
gpqa,65,0,verbalizing,50,1468,40.852439880371094,0.6815099120140076,0.15036232769489288
gpqa,65,1,silent,36,1209,27.028350830078125,0.674845814704895,0.21397027373313904
gpqa,65,12,verbalizing,66,1854,56.86967849731445,0.7531628012657166,0.14334367215633392
gpqa,65,13,silent,106,2896,77.11888122558594,0.9161258935928345,0.3249562978744507
gpqa,65,15,silent,43,1160,34.02562713623047,0.7602142095565796,0.2186577022075653
gpqa,65,16,verbalizing,44,1283,34.93675231933594,0.6723973751068115,0.22022783756256104
gpqa,65,17,silent,17,830,8.045781135559082,0.6420605778694153,0.22769403457641602
gpqa,65,18,verbalizing,27,990,18.045440673828125,0.6790714859962463,0.07771475613117218
gpqa,65,19,silent,71,1711,61.966453552246094,0.7089530825614929,0.18942312896251678
gpqa,65,3,silent,41,1316,32.02417755126953,0.7251033782958984,0.15256890654563904
gpqa,65,4,verbalizing,72,1794,62.9731559753418,0.7867438793182373,0.13048577308654785
gpqa,65,5,verbalizing,94,2324,84.94747161865234,0.7873370051383972,0.10975749790668488
gpqa,65,6,silent,44,1146,35.02544021606445,0.6724985837936401,0.16586518287658691
gpqa,65,7,silent,15,703,5.1510701179504395,0.6173743009567261,0.20968349277973175
gpqa,65,8,silent,23,867,14.050844192504883,0.6444079279899597,0.26362818479537964
gpqa,65,9,silent,36,999,26.850509643554688,0.678589940071106,0.23235836625099182
gpqa,69,0,verbalizing,27,3329,18.00374984741211,0.870266318321228,0.20265309512615204
gpqa,69,1,verbalizing,75,4499,64.80583190917969,0.8828140497207642,0.24372521042823792
gpqa,69,10,verbalizing,89,8692,45.315433502197266,0.9349283576011658,0.2767954468727112
gpqa,69,11,verbalizing,89,10190,46.168418884277344,0.9278842806816101,0.2765122950077057
gpqa,69,12,verbalizing,33,3489,24.016572952270508,0.5441814661026001,0.1377837359905243
gpqa,69,14,silent,47,3640,38.0169792175293,0.8675884008407593,0.25551992654800415
gpqa,69,2,verbalizing,107,5319,97.9646224975586,0.8651002645492554,0.2948152422904968
gpqa,69,3,verbalizing,213,10966,182.3776397705078,0.8897692561149597,0.27414682507514954
gpqa,69,4,verbalizing,81,4398,70.74555206298828,0.8649877309799194,0.22780506312847137
gpqa,69,5,silent,35,5656,25.89542007446289,0.912666916847229,0.2753071188926697
gpqa,69,6,verbalizing,214,10966,124.00990295410156,0.8934448957443237,0.26417210698127747
gpqa,69,9,verbalizing,40,4582,31.02508544921875,0.6318248510360718,0.10964375734329224
gpqa,6,0,verbalizing,193,4870,183.87916564941406,0.8537517786026001,0.2423110455274582
gpqa,6,10,verbalizing,122,3248,113.0047607421875,0.7797147035598755,0.19183020293712616
gpqa,6,12,verbalizing,160,3592,151.00094604492188,0.876541793346405,0.3095661699771881
gpqa,6,13,verbalizing,135,3660,125.2001724243164,0.8913383483886719,0.3018847107887268
gpqa,6,14,verbalizing,227,4873,217.91299438476562,0.9282190799713135,0.2875313460826874
gpqa,6,16,silent,261,5524,231.4009552001953,0.9396361708641052,0.30658164620399475
gpqa,6,19,verbalizing,169,3312,160.00192260742188,0.835307776927948,0.2968682050704956
gpqa,6,2,silent,173,3737,164.00375366210938,0.8918800354003906,0.3017023801803589
gpqa,6,4,silent,217,4698,207.9973907470703,0.9140611290931702,0.29511338472366333
gpqa,6,5,silent,111,5870,100.9090576171875,1.0338687896728516,0.2934722602367401
gpqa,6,6,verbalizing,307,6488,237.78842163085938,0.9645225405693054,0.3340977132320404
gpqa,6,8,silent,74,2476,65.0143814086914,0.8351904153823853,0.29752078652381897
gpqa,72,0,verbalizing,73,2175,46.918853759765625,0.7003066539764404,0.24796120822429657
gpqa,72,11,verbalizing,147,3920,137.21005249023438,0.9707928895950317,0.24665705859661102
gpqa,72,13,verbalizing,87,2059,77.9971694946289,0.8700234889984131,0.14601723849773407
gpqa,72,14,verbalizing,108,2681,95.27018737792969,0.8787269592285156,0.21873481571674347
gpqa,72,16,verbalizing,98,2494,86.19742584228516,0.9032909274101257,0.22637076675891876
gpqa,72,17,silent,49,1467,37.47858428955078,0.749411404132843,0.20349983870983124
gpqa,72,2,verbalizing,127,3616,83.1549301147461,0.8407517671585083,0.20404379069805145
gpqa,72,4,silent,102,2988,88.35078430175781,0.9530226588249207,0.30694979429244995
gpqa,73,0,silent,266,4815,251.0050811767578,1.0047305822372437,0.278225839138031
gpqa,73,10,silent,252,5536,204.50233459472656,0.9279359579086304,0.2862202227115631
gpqa,73,11,verbalizing,314,5917,233.54135131835938,1.0061639547348022,0.3437788188457489
gpqa,73,12,silent,59,1480,50.003684997558594,0.6171464920043945,0.11949095875024796
gpqa,73,13,silent,261,5721,242.6004638671875,1.0045377016067505,0.3369096517562866
gpqa,73,15,silent,121,2739,106.84478759765625,0.8450261950492859,0.17581388354301453
gpqa,73,16,verbalizing,196,4218,181.00753784179688,0.9565776586532593,0.2585696876049042
gpqa,73,17,verbalizing,278,5195,165.58123779296875,0.9836580157279968,0.34143170714378357
gpqa,73,18,silent,146,3433,134.93040466308594,0.8883932828903198,0.3143932521343231
gpqa,73,19,silent,221,4603,211.1515350341797,0.9120715856552124,0.27658945322036743
gpqa,73,2,silent,170,3609,125.138916015625,0.9060114622116089,0.27270781993865967
gpqa,73,3,silent,188,4041,113.20643615722656,0.9264389872550964,0.2922300696372986
gpqa,73,4,silent,256,5591,246.35525512695312,0.9518899321556091,0.3133377134799957
gpqa,73,6,verbalizing,234,4748,197.45677185058594,0.9840944409370422,0.2837972044944763
gpqa,73,7,silent,183,3941,173.6735382080078,0.9193680286407471,0.32195550203323364
gpqa,73,8,silent,281,5855,266.0291748046875,0.9915208220481873,0.3448866307735443
gpqa,73,9,verbalizing,199,4523,115.91654205322266,0.9178398251533508,0.32762908935546875
gpqa,74,1,silent,67,1641,57.96436309814453,0.8417866826057434,0.1774173080921173
gpqa,74,13,silent,21,734,12.062171936035156,0.6402367949485779,0.10982935130596161
gpqa,74,14,verbalizing,52,1292,43.018924713134766,0.8413716554641724,0.19095346331596375
gpqa,74,17,silent,26,782,17.04224395751953,0.5656909942626953,0.13432994484901428
gpqa,74,18,silent,49,1318,35.4953727722168,0.6841265559196472,0.1993689239025116
gpqa,74,2,verbalizing,50,1338,39.57390213012695,0.7423601746559143,0.22178442776203156
gpqa,74,3,silent,50,1096,31.291484832763672,0.8036394119262695,0.2569986581802368
gpqa,74,4,silent,35,989,26.02859878540039,0.7647656798362732,0.07723399251699448
gpqa,74,7,verbalizing,41,1211,32.02199935913086,0.8771348595619202,0.19413010776042938
gpqa,74,8,verbalizing,48,1144,36.691429138183594,0.8584720492362976,0.27320173382759094
gpqa,74,9,silent,40,967,29.954830169677734,0.6310325264930725,0.1994704306125641
gpqa,7,0,silent,31,837,22.022769927978516,0.6015213131904602,0.20635256171226501
gpqa,7,1,silent,39,1164,25.19291114807129,0.6252444982528687,0.2110607922077179
gpqa,7,10,silent,68,1736,57.773033142089844,0.6648814678192139,0.21874216198921204
gpqa,7,11,silent,77,1885,66.95452117919922,0.8016025424003601,0.24936334788799286
gpqa,7,13,verbalizing,218,4770,193.99404907226562,0.912496030330658,0.2788626253604889
gpqa,7,15,silent,144,3291,129.30319213867188,0.9199244379997253,0.27311238646507263
gpqa,7,17,verbalizing,89,2069,79.45034790039062,0.6926279067993164,0.16885948181152344
gpqa,7,2,verbalizing,280,7407,253.95596313476562,0.9539292454719543,0.34589701890945435
gpqa,7,4,verbalizing,278,6764,160.3770751953125,0.9901034832000732,0.3257685601711273
gpqa,7,5,silent,233,5126,219.33737182617188,0.9773988723754883,0.3163568079471588
gpqa,7,8,silent,57,1499,47.78826141357422,0.647445559501648,0.16550400853157043
gpqa,7,9,silent,30,871,17.90032196044922,0.612429678440094,0.2422073632478714
gpqa,84,0,verbalizing,96,2399,66.0139389038086,0.9291042685508728,0.26734793186187744
gpqa,84,1,silent,46,1414,36.98568344116211,0.9244003295898438,0.2295757532119751
gpqa,84,10,verbalizing,91,2162,81.9813461303711,0.9285008907318115,0.13662657141685486
gpqa,84,11,silent,59,1573,49.98921203613281,0.9380484819412231,0.19491232931613922
gpqa,84,12,silent,75,2052,61.9389762878418,0.9387910962104797,0.3460816740989685
gpqa,84,13,silent,28,936,17.21612548828125,0.729633629322052,0.2613241970539093
gpqa,84,14,silent,32,1164,22.990652084350586,0.7446460723876953,0.21302691102027893
gpqa,84,15,silent,62,1848,52.92689895629883,0.8116040825843811,0.19628526270389557
gpqa,84,17,silent,43,1437,28.344493865966797,0.7663047909736633,0.23416905105113983
gpqa,84,18,silent,55,1626,46.01750183105469,0.9601180553436279,0.19585458934307098
gpqa,84,2,silent,34,1193,22.69102668762207,0.6302720308303833,0.16507557034492493
gpqa,84,3,silent,26,896,13.323718070983887,0.6815398335456848,0.2601936459541321
gpqa,84,4,verbalizing,41,1118,32.02455139160156,0.818166971206665,0.14057809114456177
gpqa,84,5,silent,48,1500,39.02037811279297,0.6259851455688477,0.1345188021659851
gpqa,84,6,silent,22,850,10.838958740234375,0.6419961452484131,0.23630967736244202
gpqa,84,7,silent,151,3672,134.6533203125,0.9654954075813293,0.22296197712421417
gpqa,84,8,silent,39,1151,29.72992515563965,0.5838572382926941,0.14694257080554962
gpqa,84,9,verbalizing,133,3183,121.17340087890625,0.946177065372467,0.21918252110481262
gpqa,8,10,silent,168,4131,158.9435577392578,0.9321901798248291,0.27656906843185425
gpqa,8,16,verbalizing,124,2943,115.0060806274414,0.9074624180793762,0.3302114009857178
gpqa,8,18,verbalizing,301,7849,188.24842834472656,0.9345117211341858,0.36459723114967346
gpqa,8,19,verbalizing,329,8459,175.57240295410156,1.0076851844787598,0.35972243547439575
gpqa,8,5,silent,97,2359,88.00447082519531,0.8656875491142273,0.28818565607070923
gpqa,8,8,verbalizing,188,4591,178.52682495117188,0.8945346474647522,0.26136937737464905
gpqa,90,0,verbalizing,230,4383,136.37693786621094,0.9754803776741028,0.3346860408782959
gpqa,90,1,verbalizing,164,2953,126.08070373535156,0.9880312085151672,0.3227943778038025
gpqa,90,10,silent,351,7112,182.48678588867188,0.9967901706695557,0.3165852129459381
gpqa,90,16,verbalizing,238,4851,226.01730346679688,0.9692137241363525,0.28930607438087463
gpqa,90,19,verbalizing,290,5064,179.81353759765625,0.9912874102592468,0.3264254629611969
gpqa,90,3,silent,274,5576,252.7379150390625,0.9975937008857727,0.3346934914588928
gpqa,90,6,verbalizing,401,8202,187.8648681640625,0.9815471768379211,0.31685590744018555
gpqa,90,7,verbalizing,221,4525,210.11605834960938,0.9917961955070496,0.26526015996932983
gpqa,90,9,verbalizing,403,7170,139.09503173828125,0.9931286573410034,0.31931501626968384
gpqa,93,0,verbalizing,244,5874,197.3002471923828,0.9771720767021179,0.3396088480949402
gpqa,93,1,silent,247,5421,232.26718139648438,0.9429985880851746,0.3287270963191986
gpqa,93,13,silent,32,1155,22.163543701171875,0.7198726534843445,0.14639779925346375
gpqa,93,14,silent,56,1535,39.469947814941406,0.6948499083518982,0.2452772855758667
gpqa,93,15,silent,30,976,15.71351432800293,0.6654564738273621,0.2810733914375305
gpqa,93,17,silent,175,3878,165.9779815673828,0.931686520576477,0.2875150144100189
gpqa,93,18,silent,31,997,21.2345027923584,0.7046374678611755,0.14312651753425598
gpqa,93,19,silent,45,1251,30.928634643554688,0.6604688167572021,0.21659454703330994
gpqa,93,2,verbalizing,322,7843,164.93093872070312,0.9613929986953735,0.31300321221351624
gpqa,93,5,silent,331,8093,173.8340301513672,0.9641885161399841,0.30132371187210083
gpqa,96,0,verbalizing,147,2983,127.99356842041016,0.879439651966095,0.265216201543808
gpqa,96,1,silent,262,5352,252.27963256835938,0.9076949954032898,0.26226353645324707
gpqa,96,10,silent,153,3126,96.25862121582031,0.9098402261734009,0.30521056056022644
gpqa,96,11,silent,201,3821,170.57879638671875,0.9601543545722961,0.2306094914674759
gpqa,96,13,silent,227,4449,183.7404327392578,0.9738129377365112,0.34226638078689575
gpqa,96,14,silent,270,5648,260.5947265625,0.893152117729187,0.24243828654289246
gpqa,96,15,silent,138,3172,127.29441833496094,0.905184805393219,0.2819710373878479
gpqa,96,16,silent,86,2095,77.009033203125,0.751528799533844,0.0854954943060875
gpqa,96,17,silent,228,4619,210.3794403076172,0.9600462317466736,0.3344852030277252
gpqa,96,18,verbalizing,350,7358,147.61199951171875,0.9809166193008423,0.33178502321243286
gpqa,96,19,silent,214,4234,195.6590118408203,0.9265739321708679,0.25672563910484314
gpqa,96,2,silent,241,4922,226.56637573242188,0.9283052086830139,0.29036572575569153
gpqa,96,3,verbalizing,302,6000,265.4774475097656,0.9741044640541077,0.3170064091682434
gpqa,96,4,silent,157,3497,144.41476440429688,0.9341899156570435,0.22747397422790527
gpqa,96,5,silent,171,3375,149.34457397460938,0.8900006413459778,0.1941937506198883
gpqa,96,6,silent,283,5915,205.98312377929688,0.9675295352935791,0.318884938955307
gpqa,96,7,verbalizing,260,5057,163.77610778808594,0.9842016696929932,0.3311331570148468
gpqa,96,8,verbalizing,242,5032,229.83486938476562,0.9694749712944031,0.27437400817871094
gpqa,96,9,silent,275,5220,215.6331787109375,0.9785045385360718,0.3323856592178345
gpqa,98,0,silent,41,935,31.86178970336914,0.5970128178596497,0.1612163931131363
gpqa,98,1,silent,45,1111,23.511404037475586,0.6613107919692993,0.26419156789779663
gpqa,98,10,verbalizing,139,3053,117.73771667480469,0.8642275333404541,0.2627770006656647
gpqa,98,11,silent,171,3448,160.16453552246094,0.9593782424926758,0.28092139959335327
gpqa,98,12,silent,181,4148,168.2654571533203,0.9326487183570862,0.3121160864830017
gpqa,98,13,silent,55,1476,41.32378005981445,0.7131593227386475,0.2956657409667969
gpqa,98,14,silent,37,1047,20.726503372192383,0.7233463525772095,0.3121684193611145
gpqa,98,15,silent,89,2021,76.24642944335938,0.8198148012161255,0.1852135956287384
gpqa,98,16,silent,65,1566,53.17515182495117,0.7403619885444641,0.14801791310310364
gpqa,98,17,silent,75,1734,58.92414474487305,0.7890710234642029,0.19907471537590027
gpqa,98,18,silent,63,1435,49.4360237121582,0.7655737400054932,0.22844438254833221
gpqa,98,19,silent,153,3731,142.80410766601562,0.9508498907089233,0.3060188889503479
gpqa,98,2,silent,63,1477,48.754146575927734,0.7616575956344604,0.28072431683540344
gpqa,98,3,verbalizing,88,1720,68.6378173828125,0.8546860814094543,0.30016380548477173
gpqa,98,4,verbalizing,105,2452,95.21961975097656,0.8851874470710754,0.16278204321861267
gpqa,98,5,silent,108,2528,98.19044494628906,0.8526192307472229,0.14900514483451843
gpqa,98,6,verbalizing,151,3366,141.7384033203125,0.9373368620872498,0.29259544610977173
gpqa,98,7,silent,35,898,17.03843879699707,0.6751387119293213,0.29934754967689514
gpqa,98,8,silent,59,1439,49.63621139526367,0.8331639766693115,0.21885092556476593
gpqa,98,9,silent,71,1592,61.94287109375,0.6393883228302002,0.2299552857875824
gpqa,9,16,silent,135,3454,106.11921691894531,0.9227007627487183,0.3278397023677826
gpqa,9,18,verbalizing,54,1717,43.57107925415039,0.7418993711471558,0.18474081158638
gpqa,9,19,silent,46,1408,36.5615348815918,0.6769310235977173,0.13247159123420715
gpqa,9,9,verbalizing,100,2761,90.9945297241211,0.858049750328064,0.2760327458381653
mmlu,104,10,silent,39,967,22.561786651611328,0.7428798079490662,0.28608158230781555
mmlu,104,11,silent,47,1085,38.02313995361328,0.76226407289505,0.1320418417453766
mmlu,104,12,silent,90,2018,80.97176361083984,0.8972486853599548,0.2394898384809494
mmlu,104,14,silent,79,1629,69.97352600097656,0.7641545534133911,0.11637397110462189
mmlu,104,18,verbalizing,51,1220,41.992679595947266,0.9240948557853699,0.18133695423603058
mmlu,104,5,silent,58,1341,43.963924407958984,0.8829788565635681,0.32214492559432983
mmlu,104,7,silent,70,1666,60.77985763549805,0.9489855170249939,0.26996251940727234
mmlu,104,8,verbalizing,88,1810,77.60713958740234,0.8118745684623718,0.13835202157497406
mmlu,106,0,silent,26,625,10.713120460510254,0.6210978031158447,0.20606748759746552
mmlu,106,1,silent,17,409,7.893034934997559,0.6371421813964844,0.25917816162109375
mmlu,106,11,verbalizing,71,1434,47.31943130493164,0.724530041217804,0.23376095294952393
mmlu,106,12,silent,23,527,11.164668083190918,0.6483322978019714,0.27793601155281067
mmlu,106,13,silent,20,452,11.065223693847656,0.619468092918396,0.22154036164283752
mmlu,106,14,silent,21,498,12.059804916381836,0.6317834854125977,0.22002243995666504
mmlu,106,15,silent,27,614,18.02608871459961,0.6472211480140686,0.22799041867256165
mmlu,106,16,silent,50,1113,35.51189422607422,0.7838749289512634,0.2375609427690506
mmlu,106,17,silent,42,826,28.11501121520996,0.7659963965415955,0.27440857887268066
mmlu,106,18,verbalizing,25,586,11.833520889282227,0.6581760048866272,0.23743227124214172
mmlu,106,19,silent,20,491,6.253507137298584,0.6605440974235535,0.2825169265270233
mmlu,106,2,verbalizing,19,444,10.070725440979004,0.639971137046814,0.2377931773662567
mmlu,106,3,verbalizing,35,791,26.030410766601562,0.7127681374549866,0.23615071177482605
mmlu,106,4,verbalizing,30,697,21.03459930419922,0.6573067307472229,0.1894119381904602
mmlu,106,5,silent,38,803,28.73832130432129,0.6910173296928406,0.23013707995414734
mmlu,106,6,silent,28,674,11.881027221679688,0.7054339647293091,0.26377272605895996
mmlu,106,7,verbalizing,31,685,21.86650276184082,0.6863889098167419,0.2445899248123169
mmlu,106,8,silent,18,446,8.486310958862305,0.6214793920516968,0.22999286651611328
mmlu,106,9,verbalizing,27,575,18.043766021728516,0.6397067904472351,0.19359837472438812
mmlu,107,1,verbalizing,101,2048,84.81250762939453,0.7644199132919312,0.30151233077049255
mmlu,107,10,silent,45,972,25.872446060180664,0.7412406206130981,0.27440837025642395
mmlu,107,13,verbalizing,72,1567,52.65778350830078,0.8832343816757202,0.3193308711051941
mmlu,107,14,silent,52,1252,24.86167335510254,0.7157371640205383,0.27214109897613525
mmlu,107,15,silent,72,1686,60.088478088378906,0.7705846428871155,0.14555566012859344
mmlu,107,16,silent,24,586,15.052286148071289,0.622595489025116,0.14627569913864136
mmlu,107,18,silent,69,1340,36.75470733642578,0.7715386748313904,0.3239259719848633
mmlu,107,3,silent,28,640,19.032798767089844,0.6887702941894531,0.24763639271259308
mmlu,107,5,silent,91,2048,81.32379150390625,0.801949679851532,0.2602449059486389
mmlu,107,6,silent,61,1345,49.789390563964844,0.9013383388519287,0.3394975960254669
mmlu,107,7,silent,62,1221,41.65027618408203,0.8311498761177063,0.3268289268016815
mmlu,107,8,verbalizing,50,1069,40.99126052856445,0.7483752965927124,0.13657929003238678
mmlu,107,9,silent,24,536,12.747159004211426,0.6542077660560608,0.22745215892791748
mmlu,110,1,silent,94,1983,84.98719024658203,0.7926666140556335,0.21841338276863098
mmlu,110,11,silent,78,1646,65.34545135498047,0.75666743516922,0.1840319186449051
mmlu,110,14,silent,65,1424,55.65241622924805,0.7425180077552795,0.2316054105758667
mmlu,110,18,silent,54,1317,44.90058135986328,0.7557040452957153,0.25502440333366394
mmlu,110,19,verbalizing,100,2048,90.30796813964844,0.7904995083808899,0.18760457634925842
mmlu,110,3,verbalizing,56,1188,46.00855255126953,0.7812134027481079,0.15653836727142334
mmlu,110,7,verbalizing,99,2048,89.78648376464844,0.8122361302375793,0.22437112033367157
mmlu,110,8,silent,67,1646,57.99750518798828,0.798321008682251,0.19209617376327515
mmlu,111,10,silent,32,639,20.892112731933594,0.8331773281097412,0.2993249297142029
mmlu,111,11,verbalizing,28,571,14.065256118774414,0.6786972880363464,0.2714611887931824
mmlu,111,12,silent,35,798,25.62579917907715,0.9439306855201721,0.24562373757362366
mmlu,111,13,verbalizing,23,509,14.054021835327148,0.5867669582366943,0.11048263311386108
mmlu,111,14,verbalizing,19,512,10.06947135925293,0.7230361104011536,0.21007487177848816
mmlu,111,15,verbalizing,37,763,28.017480850219727,0.8881957530975342,0.1564067006111145
mmlu,111,17,verbalizing,25,526,13.261263847351074,0.8643946051597595,0.30866140127182007
mmlu,111,19,verbalizing,29,653,19.925689697265625,0.7606956362724304,0.2946757972240448
mmlu,111,2,verbalizing,37,743,28.03036880493164,0.7905855774879456,0.12168315798044205
mmlu,111,3,verbalizing,31,599,13.639216423034668,0.7565400004386902,0.2799007296562195
mmlu,111,5,verbalizing,29,772,19.98101806640625,0.8416624665260315,0.17882391810417175
mmlu,111,6,verbalizing,28,743,18.047183990478516,0.7669998407363892,0.19655221700668335
mmlu,111,7,verbalizing,23,522,12.499765396118164,0.8582598567008972,0.29126447439193726
mmlu,111,8,verbalizing,18,498,9.040623664855957,0.5951067805290222,0.15287235379219055
mmlu,111,9,verbalizing,28,598,14.226308822631836,0.8084070682525635,0.2442294806241989
mmlu,115,0,silent,27,518,17.409687042236328,0.7288926243782043,0.2533225119113922
mmlu,115,1,silent,48,815,39.02172088623047,0.6752849817276001,0.13221806287765503
mmlu,115,10,silent,35,615,19.348215103149414,0.7862227559089661,0.2546241581439972
mmlu,115,11,silent,57,978,27.198726654052734,0.9475961923599243,0.3486378788948059
mmlu,115,12,verbalizing,20,415,8.545259475708008,0.622285783290863,0.15746870636940002
mmlu,115,13,verbalizing,23,581,13.527389526367188,0.6659348011016846,0.1762361079454422
mmlu,115,14,verbalizing,51,931,41.99000930786133,0.8710569143295288,0.2519984245300293
mmlu,115,15,silent,29,499,12.897649765014648,0.7838184237480164,0.30345892906188965
mmlu,115,16,silent,33,617,23.61172866821289,0.88210129737854,0.23288050293922424
mmlu,115,17,silent,35,659,23.76594352722168,0.6737132668495178,0.20841221511363983
mmlu,115,18,silent,36,652,27.025157928466797,0.71232008934021,0.2172078639268875
mmlu,115,19,verbalizing,36,603,27.007314682006836,0.5867681503295898,0.09586043655872345
mmlu,115,2,silent,25,530,14.263279914855957,0.7291900515556335,0.24831590056419373
mmlu,115,3,silent,28,508,18.7822322845459,0.7122869491577148,0.24756412208080292
mmlu,115,4,silent,35,616,26.031993865966797,0.6604128479957581,0.17486153542995453
mmlu,115,5,silent,39,628,29.611547470092773,0.7315532565116882,0.21163113415241241
mmlu,115,6,silent,27,494,17.673002243041992,0.7426217198371887,0.2770574986934662
mmlu,115,7,verbalizing,34,620,22.940465927124023,0.7004151940345764,0.20101504027843475
mmlu,115,8,silent,45,774,35.73503494262695,0.9148086905479431,0.2837691009044647
mmlu,115,9,verbalizing,41,731,31.947742462158203,0.6089800596237183,0.11342252790927887
mmlu,118,0,verbalizing,29,541,13.47862720489502,0.7319185733795166,0.2554236352443695
mmlu,118,1,verbalizing,34,692,19.311996459960938,0.7185692191123962,0.2307569682598114
mmlu,118,11,silent,29,493,19.403017044067383,0.6335133910179138,0.20834867656230927
mmlu,118,12,verbalizing,24,492,12.223154067993164,0.5819152593612671,0.1632130742073059
mmlu,118,13,verbalizing,37,608,11.872962951660156,0.670695424079895,0.2562372088432312
mmlu,118,15,verbalizing,33,635,24.03483009338379,0.6727670431137085,0.21773192286491394
mmlu,118,16,silent,32,565,18.564476013183594,0.6665279865264893,0.18622620403766632
mmlu,118,17,silent,19,711,10.07128620147705,0.5603275895118713,0.05960247665643692
mmlu,118,19,verbalizing,40,797,30.4393367767334,0.6968795657157898,0.17537494003772736
mmlu,118,2,verbalizing,36,677,27.027883529663086,0.6812203526496887,0.11762943118810654
mmlu,118,3,verbalizing,32,644,20.25156021118164,0.7427709102630615,0.18773265182971954
mmlu,118,4,verbalizing,61,1099,47.86366271972656,0.6809787750244141,0.16078439354896545
mmlu,118,5,verbalizing,29,533,19.803483963012695,0.6633361577987671,0.27261480689048767
mmlu,118,6,silent,31,555,22.012203216552734,0.6171537041664124,0.17123962938785553
mmlu,118,7,verbalizing,29,588,20.03694725036621,0.5935831665992737,0.11149599403142929
mmlu,118,8,verbalizing,51,857,36.32952880859375,0.7946129441261292,0.19710300862789154
mmlu,11,0,silent,40,749,30.0364990234375,0.8805665373802185,0.27651357650756836
mmlu,11,1,verbalizing,41,831,30.0139217376709,0.7203471660614014,0.23780736327171326
mmlu,11,10,silent,29,705,14.864007949829102,0.6647500395774841,0.2043273150920868
mmlu,11,11,silent,38,895,20.689014434814453,0.7415269017219543,0.19228234887123108
mmlu,11,12,silent,29,673,19.827922821044922,0.6439388394355774,0.22190916538238525
mmlu,11,15,verbalizing,29,699,12.407757759094238,0.6990360021591187,0.23825249075889587
mmlu,11,18,verbalizing,28,730,19.005109786987305,0.8129709362983704,0.20095780491828918
mmlu,11,19,silent,40,947,27.05098533630371,0.7699846625328064,0.13746178150177002
mmlu,11,2,verbalizing,42,974,32.79198455810547,0.6642178893089294,0.25375527143478394
mmlu,11,3,silent,28,634,16.582706451416016,0.6311652064323425,0.19767819344997406
mmlu,11,4,verbalizing,33,724,14.626561164855957,0.7309996485710144,0.14455293118953705
mmlu,11,5,silent,29,667,14.032022476196289,0.6129168272018433,0.14927175641059875
mmlu,11,6,verbalizing,33,851,24.009750366210938,0.7857458591461182,0.1699495166540146
mmlu,11,7,silent,43,1013,28.273822784423828,0.769024133682251,0.1916404664516449
mmlu,11,8,verbalizing,49,992,40.009727478027344,0.8968966603279114,0.2698226273059845
mmlu,11,9,verbalizing,43,904,34.012840270996094,0.8780052065849304,0.16381022334098816
mmlu,121,1,silent,43,953,20.61117172241211,0.7369850277900696,0.28174492716789246
mmlu,121,10,verbalizing,34,684,22.124902725219727,0.7215973138809204,0.29244792461395264
mmlu,121,11,silent,74,1469,64.92060852050781,0.8981878161430359,0.20466819405555725
mmlu,121,13,verbalizing,71,1320,59.85753631591797,0.7686976194381714,0.18545547127723694
mmlu,121,14,verbalizing,98,1852,88.6417465209961,0.9780992269515991,0.2259412705898285
mmlu,121,16,silent,88,1606,78.89298248291016,0.8241070508956909,0.13287369906902313
mmlu,121,2,verbalizing,45,735,20.713857650756836,0.8229438066482544,0.29461514949798584
mmlu,121,3,silent,88,1865,78.32551574707031,0.9654950499534607,0.3373408615589142
mmlu,121,5,verbalizing,48,931,33.347023010253906,0.7598975896835327,0.28397485613822937
mmlu,121,7,silent,62,1138,33.79014205932617,0.7757448554039001,0.2701755464076996
mmlu,121,8,silent,53,1172,44.01877212524414,0.8360777497291565,0.13726581633090973
mmlu,121,9,silent,53,1041,40.20128631591797,0.8057822585105896,0.28327009081840515
mmlu,122,0,silent,19,441,8.060949325561523,0.9666531682014465,0.32922035455703735
mmlu,122,1,silent,41,815,20.386905670166016,0.9829198122024536,0.33358103036880493
mmlu,122,10,verbalizing,47,913,27.25900650024414,0.9893957376480103,0.34692245721817017
mmlu,122,11,silent,34,667,19.422834396362305,0.9865949153900146,0.3414003551006317
mmlu,122,12,verbalizing,78,1523,65.30873107910156,0.9395267367362976,0.2902073264122009
mmlu,122,13,silent,20,466,8.823610305786133,0.956739604473114,0.3189271092414856
mmlu,122,14,silent,45,795,24.901147842407227,0.9765152335166931,0.20058581233024597
mmlu,122,15,silent,21,500,9.24093246459961,0.9672046899795532,0.32995954155921936
mmlu,122,16,verbalizing,36,702,17.781936645507812,0.9669840335845947,0.312507688999176
mmlu,122,17,silent,69,1088,56.030616760253906,0.930181622505188,0.3077937960624695
mmlu,122,18,silent,33,666,15.654327392578125,0.9808405041694641,0.3315054476261139
mmlu,122,19,silent,36,634,25.702701568603516,0.9606797695159912,0.24424521625041962
mmlu,122,2,verbalizing,51,918,32.46430969238281,0.9878156781196594,0.34712764620780945
mmlu,122,4,silent,75,1426,64.35343933105469,0.9932731986045837,0.31370750069618225
mmlu,122,5,verbalizing,28,570,12.263531684875488,0.9708301424980164,0.3361627757549286
mmlu,122,6,verbalizing,35,818,20.683063507080078,0.8998361229896545,0.1672821342945099
mmlu,122,7,verbalizing,56,998,32.44251251220703,0.9887134432792664,0.2576862573623657
mmlu,122,8,silent,30,572,18.147062301635742,0.9779987335205078,0.3359449803829193
mmlu,122,9,silent,38,661,16.746776580810547,0.9879183173179626,0.3425200581550598
mmlu,126,0,verbalizing,31,731,14.7529296875,0.6775699257850647,0.1751161366701126
mmlu,126,10,silent,33,635,23.998746871948242,0.6646398305892944,0.16013434529304504
mmlu,126,11,verbalizing,33,805,18.435361862182617,0.8280295133590698,0.31576886773109436
mmlu,126,12,silent,29,653,12.809362411499023,0.7648220062255859,0.2830050587654114
mmlu,126,13,silent,25,539,16.037565231323242,0.6458078622817993,0.20067310333251953
mmlu,126,14,silent,42,894,23.885618209838867,0.7305542230606079,0.2550748288631439
mmlu,126,16,silent,32,681,15.458967208862305,0.7572221755981445,0.29269006848335266
mmlu,126,17,silent,44,961,35.01280975341797,0.9462290406227112,0.32695475220680237
mmlu,126,18,silent,42,823,32.971004486083984,0.7090083956718445,0.17341378331184387
mmlu,126,19,silent,24,611,11.291316032409668,0.6558911800384521,0.17602844536304474
mmlu,126,3,silent,31,593,21.442913055419922,0.6986585259437561,0.2473248690366745
mmlu,126,4,silent,35,723,15.960217475891113,0.6651275753974915,0.17397496104240417
mmlu,126,5,verbalizing,43,855,28.659683227539062,0.8301592469215393,0.2657712399959564
mmlu,126,6,silent,25,534,16.003664016723633,0.7059288620948792,0.2695717513561249
mmlu,126,7,silent,29,657,20.022151947021484,0.6714340448379517,0.17187362909317017
mmlu,126,9,silent,51,1010,29.907032012939453,0.7517960071563721,0.2856608033180237
mmlu,130,10,silent,30,681,19.252470016479492,0.6429866552352905,0.1569260060787201
mmlu,130,11,silent,34,736,25.012638092041016,0.6504662036895752,0.18630340695381165
mmlu,130,12,verbalizing,32,713,13.022117614746094,0.7316098809242249,0.2734307050704956
mmlu,130,13,verbalizing,40,837,30.953271865844727,0.9456837773323059,0.22669926285743713
mmlu,130,14,silent,26,576,14.791715621948242,0.7019517421722412,0.2587963044643402
mmlu,130,15,silent,29,623,19.974323272705078,0.6865313053131104,0.22271712124347687
mmlu,130,16,silent,27,588,17.622684478759766,0.7634810209274292,0.2174304723739624
mmlu,130,18,verbalizing,26,596,16.778980255126953,0.6510466933250427,0.18895360827445984
mmlu,130,2,silent,29,637,18.937129974365234,0.647193968296051,0.23044386506080627
mmlu,130,3,silent,35,800,25.271574020385742,0.8192514777183533,0.1935805082321167
mmlu,130,4,silent,38,895,29.0240478515625,0.9098739624023438,0.23174495995044708
mmlu,130,5,silent,27,590,18.041156768798828,0.6519420742988586,0.21554186940193176
mmlu,130,6,silent,31,658,22.02071189880371,0.660228431224823,0.2222365438938141
mmlu,130,7,silent,40,934,28.976825714111328,0.8704904913902283,0.29003387689590454
mmlu,130,8,silent,32,685,23.034921646118164,0.8128074407577515,0.20087137818336487
mmlu,130,9,verbalizing,36,707,24.705217361450195,0.735155463218689,0.21129314601421356
mmlu,133,0,verbalizing,45,931,33.8305549621582,0.7084262371063232,0.25312069058418274
mmlu,133,1,silent,22,477,13.00108814239502,0.6372887492179871,0.17810414731502533
mmlu,133,10,silent,26,576,16.761882781982422,0.7213197946548462,0.2311541587114334
mmlu,133,11,silent,25,512,15.090326309204102,0.6679410338401794,0.23953859508037567
mmlu,133,14,silent,25,614,15.393501281738281,0.7024423480033875,0.19348841905593872
mmlu,133,17,silent,37,771,26.917978286743164,0.7300692796707153,0.27079519629478455
mmlu,133,18,verbalizing,26,646,13.572038650512695,0.76734459400177,0.22701184451580048
mmlu,133,19,verbalizing,22,507,10.059494018554688,0.7349215149879456,0.3135717511177063
mmlu,133,6,verbalizing,33,806,21.456926345825195,0.7288139462471008,0.174196258187294
mmlu,133,8,silent,27,619,11.635690689086914,0.6380808353424072,0.2285175323486328
mmlu,133,9,silent,25,546,15.964856147766113,0.6779024600982666,0.21149881184101105
mmlu,144,1,silent,37,759,25.95441246032715,0.7122204303741455,0.2620972990989685
mmlu,144,10,verbalizing,20,434,9.041818618774414,0.7101587653160095,0.25135961174964905
mmlu,144,11,verbalizing,26,541,14.021008491516113,0.7465266585350037,0.3030676245689392
mmlu,144,12,verbalizing,35,755,26.005279541015625,0.7097362279891968,0.2548072636127472
mmlu,144,13,verbalizing,30,640,20.98206329345703,0.7200053930282593,0.24235662817955017
mmlu,144,15,verbalizing,22,488,11.49975299835205,0.6914594173431396,0.29944002628326416
mmlu,144,16,verbalizing,29,575,19.855545043945312,0.7033789157867432,0.2651188373565674
mmlu,144,17,silent,22,472,13.05693531036377,0.6512615084648132,0.16111202538013458
mmlu,144,18,verbalizing,51,886,39.907596588134766,0.7088556885719299,0.24569740891456604
mmlu,144,19,verbalizing,17,387,5.706597328186035,0.7080544233322144,0.3002800941467285
mmlu,144,3,verbalizing,40,877,23.404888153076172,0.7816954255104065,0.2724958062171936
mmlu,144,4,verbalizing,41,753,31.99141502380371,0.7882314324378967,0.20452550053596497
mmlu,144,5,verbalizing,33,621,23.945995330810547,0.6428442597389221,0.15950137376785278
mmlu,144,6,verbalizing,16,369,6.411951541900635,0.6703417897224426,0.28405943512916565
mmlu,144,7,verbalizing,25,487,14.479545593261719,0.7113717198371887,0.26392531394958496
mmlu,144,8,verbalizing,33,749,13.04194450378418,0.6596987247467041,0.2046004831790924
mmlu,144,9,silent,33,686,17.09795570373535,0.8048104047775269,0.3033047914505005
mmlu,145,0,verbalizing,115,1884,105.97499084472656,0.9569166898727417,0.25130605697631836
mmlu,145,1,verbalizing,104,1941,93.46125793457031,0.9562832713127136,0.2905433475971222
mmlu,145,11,silent,37,974,27.9781551361084,0.8424764275550842,0.18986721336841583
mmlu,145,12,verbalizing,102,1826,85.1280517578125,0.9480409026145935,0.2601894736289978
mmlu,145,13,silent,32,609,22.57963752746582,0.8134636282920837,0.21684589982032776
mmlu,145,14,silent,110,1975,100.98287200927734,0.9469778537750244,0.23853905498981476
mmlu,145,15,silent,131,1892,122.00566101074219,0.9636345505714417,0.23181216418743134
mmlu,145,16,verbalizing,125,2022,107.77647399902344,0.8312601447105408,0.1701141893863678
mmlu,145,17,silent,58,1554,48.330909729003906,0.9982051849365234,0.32483571767807007
mmlu,145,18,verbalizing,135,2048,110.8923568725586,0.972411572933197,0.29767709970474243
mmlu,145,19,verbalizing,80,1408,69.9072265625,0.9720223546028137,0.31507712602615356
mmlu,145,2,silent,60,1045,27.504934310913086,0.9694236516952515,0.23175525665283203
mmlu,145,3,silent,40,878,21.40256118774414,0.9693700671195984,0.2629874646663666
mmlu,145,4,silent,88,1750,74.98239135742188,0.9769087433815002,0.290293425321579
mmlu,145,5,verbalizing,60,1306,28.065332412719727,0.9466750025749207,0.32107600569725037
mmlu,145,6,verbalizing,129,2048,88.65943908691406,0.9361900687217712,0.30072885751724243
mmlu,145,8,verbalizing,88,1822,73.90145111083984,0.9576541781425476,0.2630422115325928
mmlu,145,9,verbalizing,64,1324,30.72393226623535,0.9923093318939209,0.34405335783958435
mmlu,149,0,silent,43,849,32.684043884277344,0.7180031538009644,0.2497374266386032
mmlu,149,12,silent,33,669,23.414836883544922,0.6665636897087097,0.2505938410758972
mmlu,149,15,verbalizing,38,862,21.393177032470703,0.6804279088973999,0.23555967211723328
mmlu,149,17,verbalizing,24,584,11.915811538696289,0.7113971710205078,0.2785786986351013
mmlu,149,19,silent,30,540,19.108139038085938,0.6655832529067993,0.20561857521533966
mmlu,149,3,silent,41,746,32.0015754699707,0.6528241634368896,0.17495697736740112
mmlu,149,5,silent,34,623,20.585630416870117,0.7050894498825073,0.26943346858024597
mmlu,149,6,silent,25,467,11.973323822021484,0.6890638470649719,0.27285510301589966
mmlu,149,7,silent,46,879,31.86102294921875,0.7177273035049438,0.25648507475852966
mmlu,149,9,verbalizing,56,1002,43.35655212402344,0.7296932339668274,0.2891828417778015
mmlu,14,10,verbalizing,23,678,14.051244735717773,0.5917875170707703,0.08105646073818207
mmlu,14,11,verbalizing,26,718,17.04178810119629,0.6287304162979126,0.0866808071732521
mmlu,14,12,verbalizing,34,852,25.032508850097656,0.6323457360267639,0.07988054305315018
mmlu,14,13,verbalizing,38,924,29.018020629882812,0.6276434659957886,0.08224493265151978
mmlu,14,14,silent,37,839,28.030893325805664,0.6171054840087891,0.08329712599515915
mmlu,14,17,silent,36,883,26.83133888244629,0.650191605091095,0.11328665167093277
mmlu,14,18,verbalizing,34,838,24.690114974975586,0.6116741299629211,0.12848135828971863
mmlu,14,3,verbalizing,41,922,31.890270233154297,0.6539386510848999,0.11554360389709473
mmlu,14,4,verbalizing,40,944,31.02765464782715,0.6079133152961731,0.06733706593513489
mmlu,14,5,verbalizing,20,623,10.9784574508667,0.5694267749786377,0.09437578171491623
mmlu,14,6,verbalizing,60,1345,51.01081848144531,0.7108704447746277,0.07011633366346359
mmlu,14,7,silent,32,834,23.0355281829834,0.6100454926490784,0.07790808379650116
mmlu,14,9,verbalizing,22,611,13.013372421264648,0.5663453936576843,0.10137303918600082
mmlu,151,1,verbalizing,30,610,17.29574966430664,0.6581829786300659,0.21094611287117004
mmlu,151,10,silent,17,448,8.074685096740723,0.6056716442108154,0.18370121717453003
mmlu,151,11,silent,28,632,18.916091918945312,0.6728952527046204,0.2663206458091736
mmlu,151,12,silent,30,697,21.02298355102539,0.7080572843551636,0.1522623598575592
mmlu,151,13,silent,29,678,18.840206146240234,0.6942249536514282,0.2592354416847229
mmlu,151,14,silent,23,540,14.050976753234863,0.668445885181427,0.26522600650787354
mmlu,151,15,verbalizing,28,676,18.91781234741211,0.794372022151947,0.2423848807811737
mmlu,151,16,silent,24,573,15.0521240234375,0.6726515293121338,0.23259060084819794
mmlu,151,17,silent,19,479,10.04059886932373,0.658514678478241,0.17984558641910553
mmlu,151,18,silent,17,422,7.877908229827881,0.6174406409263611,0.1692100167274475
mmlu,151,19,silent,25,568,15.77473258972168,0.7387132048606873,0.260530561208725
mmlu,151,2,verbalizing,30,663,11.481573104858398,0.8025414347648621,0.21786801517009735
mmlu,151,3,silent,30,628,12.64438247680664,0.7803023457527161,0.3059532642364502
mmlu,151,4,silent,15,444,5.939948081970215,0.6221386194229126,0.19100789725780487
mmlu,151,5,silent,28,637,11.611089706420898,0.6685829162597656,0.22578458487987518
mmlu,151,6,silent,23,564,7.99219274520874,0.7254153490066528,0.2771333158016205
mmlu,151,7,silent,19,481,9.60301399230957,0.7242297530174255,0.257976233959198
mmlu,151,8,silent,15,443,6.087488174438477,0.6899473667144775,0.22561118006706238
mmlu,151,9,silent,30,702,19.580148696899414,0.6630809307098389,0.20221319794654846
mmlu,152,0,verbalizing,23,774,13.868156433105469,0.7207469940185547,0.2887857258319855
mmlu,152,1,verbalizing,27,779,16.953025817871094,0.7367432713508606,0.29809117317199707
mmlu,152,10,verbalizing,42,1154,33.02027893066406,0.777324914932251,0.2588787376880646
mmlu,152,11,verbalizing,56,1263,46.98263168334961,0.7683598399162292,0.24170728027820587
mmlu,152,12,verbalizing,28,856,19.015378952026367,0.736164391040802,0.24468711018562317
mmlu,152,19,silent,25,664,13.632822036743164,0.7052943706512451,0.2953251004219055
mmlu,152,2,verbalizing,30,842,20.197669982910156,0.7356004118919373,0.2996460497379303
mmlu,152,3,verbalizing,27,758,18.00921630859375,0.7057413458824158,0.23230135440826416
mmlu,152,4,verbalizing,33,984,24.031478881835938,0.7261200547218323,0.2199717015028
mmlu,152,5,silent,25,725,16.041255950927734,0.7341011762619019,0.20092043280601501
mmlu,152,7,verbalizing,34,1009,25.02618408203125,0.7300443649291992,0.2245071679353714
mmlu,152,9,verbalizing,33,895,24.0340518951416,0.7799565196037292,0.2130645215511322
mmlu,153,0,verbalizing,37,865,27.809926986694336,0.6267544627189636,0.14993533492088318
mmlu,153,1,silent,22,538,13.05555248260498,0.5481338500976562,0.08993135392665863
mmlu,153,10,silent,22,530,13.053263664245605,0.5680117011070251,0.15021131932735443
mmlu,153,11,silent,27,660,12.705253601074219,0.5949079990386963,0.22814293205738068
mmlu,153,12,silent,46,1043,36.49067306518555,0.6648508906364441,0.16319778561592102
mmlu,153,13,silent,30,708,19.446632385253906,0.7691941857337952,0.2568557858467102
mmlu,153,14,silent,28,718,19.0307559967041,0.6498330235481262,0.1846679300069809
mmlu,153,15,silent,25,618,14.659765243530273,0.5889397859573364,0.2032531052827835
mmlu,153,16,silent,27,644,18.02727699279785,0.6264505386352539,0.12208668887615204
mmlu,153,17,verbalizing,42,1223,26.302316665649414,0.7438459992408752,0.23402217030525208
mmlu,153,18,silent,25,631,16.04781723022461,0.6899087429046631,0.1839306801557541
mmlu,153,19,verbalizing,25,691,16.00621795654297,0.6427229642868042,0.15365220606327057
mmlu,153,2,silent,42,871,31.627120971679688,0.6775433421134949,0.21272337436676025
mmlu,153,3,silent,27,686,15.219459533691406,0.6470679044723511,0.2031259536743164
mmlu,153,4,silent,17,613,7.999571323394775,0.6839245557785034,0.2506464123725891
mmlu,153,5,silent,22,501,13.049676895141602,0.5655729174613953,0.155034601688385
mmlu,153,6,silent,31,627,21.780237197875977,0.6670258045196533,0.18499335646629333
mmlu,153,7,verbalizing,47,1070,37.0919075012207,0.7405626773834229,0.23107632994651794
mmlu,153,8,silent,31,659,22.030988693237305,0.591947615146637,0.18818071484565735
mmlu,153,9,silent,33,784,22.24234390258789,0.6756477952003479,0.21419446170330048
mmlu,157,0,verbalizing,44,914,34.940574645996094,0.6002436280250549,0.08292766660451889
mmlu,157,1,verbalizing,28,643,19.0411376953125,0.5411003232002258,0.07252106815576553
mmlu,157,10,verbalizing,46,1034,37.022647857666016,0.5755144953727722,0.06223108246922493
mmlu,157,11,silent,42,907,32.832984924316406,0.5976551175117493,0.07903353869915009
mmlu,157,12,silent,28,755,19.01828956604004,0.577042281627655,0.09469674527645111
mmlu,157,15,silent,40,876,30.96430015563965,0.6196292042732239,0.09124638140201569
mmlu,157,16,silent,37,778,25.652231216430664,0.6513530611991882,0.2002050131559372
mmlu,157,17,silent,24,541,15.050508499145508,0.5636844635009766,0.09250124543905258
mmlu,157,18,silent,26,536,17.045360565185547,0.5533468723297119,0.08751040697097778
mmlu,157,19,verbalizing,35,747,25.955005645751953,0.567105233669281,0.11063314974308014
mmlu,157,2,verbalizing,39,771,30.02304458618164,0.5690457820892334,0.0816461518406868
mmlu,157,3,silent,33,741,24.033592224121094,0.5578853487968445,0.0694679319858551
mmlu,157,5,silent,43,895,33.90055847167969,0.6164801716804504,0.0961511880159378
mmlu,157,6,verbalizing,29,687,19.98567008972168,0.5603063702583313,0.09368468075990677
mmlu,157,7,verbalizing,41,878,32.00570297241211,0.6351974606513977,0.0882391482591629
mmlu,157,8,silent,24,541,15.04377555847168,0.5394262075424194,0.06823648512363434
mmlu,157,9,silent,21,552,12.061695098876953,0.5436891317367554,0.07858338207006454
mmlu,159,0,silent,42,929,33.00878143310547,0.9406844973564148,0.19809849560260773
mmlu,159,1,silent,30,661,21.038562774658203,0.6825501322746277,0.1321837306022644
mmlu,159,10,verbalizing,33,855,24.03543472290039,0.6596167087554932,0.11686509847640991
mmlu,159,11,verbalizing,62,1177,52.94451904296875,0.9407796859741211,0.3300813138484955
mmlu,159,12,silent,43,1053,20.595867156982422,0.9810943007469177,0.35063308477401733
mmlu,159,13,verbalizing,35,891,25.967166900634766,0.7635015249252319,0.1641041338443756
mmlu,159,14,silent,75,1616,66.00979614257812,0.9433452486991882,0.18090152740478516
mmlu,159,16,silent,67,1314,57.72068405151367,0.9732494354248047,0.331142395734787
mmlu,159,18,verbalizing,31,802,22.012962341308594,0.5922338962554932,0.11073829978704453
mmlu,159,19,silent,26,759,12.508894920349121,0.9701783657073975,0.342811644077301
mmlu,159,3,silent,58,1177,48.22555160522461,0.7992748022079468,0.1939537674188614
mmlu,159,4,silent,27,736,18.000383377075195,0.744292676448822,0.16174504160881042
mmlu,159,5,silent,47,918,37.671085357666016,0.961667001247406,0.2427600920200348
mmlu,159,6,verbalizing,36,964,27.026813507080078,0.9287194609642029,0.2539251446723938
mmlu,159,7,silent,37,943,28.019485473632812,0.9552695155143738,0.16952335834503174
mmlu,159,8,silent,28,627,19.043115615844727,0.6495409607887268,0.1278037130832672
mmlu,159,9,silent,52,1041,42.899497985839844,0.8825634121894836,0.2582007050514221
mmlu,16,0,silent,67,1567,49.38232421875,0.7740539312362671,0.16206322610378265
mmlu,16,10,verbalizing,83,1933,61.27244186401367,0.8391644358634949,0.27162060141563416
mmlu,16,12,verbalizing,57,1269,47.936073303222656,0.760991632938385,0.11854642629623413
mmlu,16,2,silent,52,1198,35.8362922668457,0.7517086267471313,0.210311621427536
mmlu,16,8,verbalizing,60,1408,50.67087173461914,0.7433875203132629,0.1083051785826683
mmlu,16,9,silent,67,1534,55.17469024658203,0.7646838426589966,0.179379403591156
mmlu,175,1,silent,46,827,33.584983825683594,0.9163282513618469,0.1837603896856308
mmlu,175,10,silent,24,515,14.866658210754395,0.726093053817749,0.2643928527832031
mmlu,175,11,verbalizing,47,951,37.20861053466797,0.7823123335838318,0.2073892056941986
mmlu,175,12,silent,27,549,11.257308959960938,0.8026335835456848,0.33523809909820557
mmlu,175,13,verbalizing,32,721,20.51163101196289,0.9027823805809021,0.2970239520072937
mmlu,175,14,silent,27,615,12.529065132141113,0.6281200051307678,0.20893950760364532
mmlu,175,15,silent,30,619,16.524065017700195,0.7582873106002808,0.2743908762931824
mmlu,175,16,verbalizing,26,625,12.108583450317383,0.9542990326881409,0.3406478762626648
mmlu,175,17,silent,28,585,13.2041654586792,0.681451141834259,0.21256820857524872
mmlu,175,18,silent,23,557,9.551179885864258,0.8053549528121948,0.26152923703193665
mmlu,175,19,silent,20,513,9.03785228729248,0.7385475039482117,0.23643633723258972
mmlu,175,2,silent,23,574,10.334680557250977,0.6709145307540894,0.23160593211650848
mmlu,175,3,silent,27,560,11.447957992553711,0.6866739988327026,0.2614710330963135
mmlu,175,4,silent,59,1060,49.35466766357422,0.945967972278595,0.23950858414173126
mmlu,175,5,verbalizing,67,1121,57.93424606323242,0.9298223853111267,0.25878793001174927
mmlu,175,7,silent,28,586,18.86560821533203,0.6797934174537659,0.20535612106323242
mmlu,175,8,silent,25,596,9.794878005981445,0.8130762577056885,0.26021990180015564
mmlu,175,9,silent,21,499,12.062275886535645,0.6839860081672668,0.15693175792694092
mmlu,178,0,silent,78,1934,58.41535186767578,0.7623780369758606,0.3003372251987457
mmlu,178,1,silent,42,862,32.095455169677734,0.6856561303138733,0.2749738097190857
mmlu,178,13,silent,105,2048,95.39350128173828,0.851544201374054,0.20877018570899963
mmlu,178,14,verbalizing,85,1901,43.62060546875,0.7743224501609802,0.32089880108833313
mmlu,178,16,silent,97,2048,56.42932891845703,0.7962216734886169,0.3249683976173401
mmlu,178,17,silent,83,1652,56.09425735473633,0.7585675120353699,0.3192024528980255
mmlu,178,18,silent,54,1449,39.812923431396484,0.8095680475234985,0.28185510635375977
mmlu,178,19,silent,94,1990,81.56778717041016,0.8024926781654358,0.2595362663269043
mmlu,178,2,verbalizing,64,1261,46.349910736083984,0.7697368860244751,0.2873827815055847
mmlu,178,3,silent,44,990,26.193988800048828,0.6828561425209045,0.2743113040924072
mmlu,178,6,silent,51,1120,34.902957916259766,0.8519992828369141,0.25697827339172363
mmlu,178,8,silent,86,1736,65.87287902832031,0.7870747447013855,0.3218177258968353
mmlu,180,0,verbalizing,36,691,23.1833553314209,0.6355257630348206,0.1958276331424713
mmlu,180,1,verbalizing,28,531,18.503623962402344,0.616397500038147,0.17451103031635284
mmlu,180,11,verbalizing,29,650,19.57866096496582,0.5707166194915771,0.1162964254617691
mmlu,180,12,verbalizing,28,478,18.83005714416504,0.6980393528938293,0.2880476117134094
mmlu,180,13,verbalizing,29,543,19.76997947692871,0.6560951471328735,0.22415733337402344
mmlu,180,14,silent,21,423,7.863339900970459,0.6517351269721985,0.28720685839653015
mmlu,180,15,verbalizing,26,499,17.04686737060547,0.6266628503799438,0.15471194684505463
mmlu,180,16,verbalizing,53,1008,41.732215881347656,0.7449138760566711,0.1445530652999878
mmlu,180,18,verbalizing,49,895,39.82474899291992,0.6757739782333374,0.22256231307983398
mmlu,180,2,verbalizing,47,775,23.124786376953125,0.7337029576301575,0.27016037702560425
mmlu,180,3,verbalizing,54,1027,40.65205001831055,0.6944286823272705,0.21212640404701233
mmlu,180,4,verbalizing,38,720,19.647106170654297,0.704766035079956,0.27813974022865295
mmlu,180,7,silent,31,556,19.22140121459961,0.68021160364151,0.2824939489364624
mmlu,184,0,silent,23,518,12.300821304321289,0.6626222133636475,0.23916921019554138
mmlu,184,1,verbalizing,52,1121,42.91754913330078,0.8423129320144653,0.153533935546875
mmlu,184,10,verbalizing,60,1188,49.87358093261719,0.8496044874191284,0.19261685013771057
mmlu,184,11,silent,24,564,10.982733726501465,0.6216776371002197,0.20371440052986145
mmlu,184,14,silent,37,795,28.012975692749023,0.670687735080719,0.1723487675189972
mmlu,184,15,silent,45,860,36.02315139770508,0.7599450945854187,0.14384178817272186
mmlu,184,16,silent,56,1135,46.80554962158203,0.6929848790168762,0.16109350323677063
mmlu,184,17,silent,36,796,25.401819229125977,0.7549788355827332,0.2317591905593872
mmlu,184,18,silent,29,677,14.496447563171387,0.6412760615348816,0.24284222722053528
mmlu,184,19,silent,30,594,20.057456970214844,0.640377402305603,0.2421763688325882
mmlu,184,2,silent,54,1066,40.756832122802734,0.7557486295700073,0.2884785830974579
mmlu,184,3,silent,22,539,12.514406204223633,0.6480541229248047,0.2676902711391449
mmlu,184,4,silent,28,593,18.885066986083984,0.6108976006507874,0.1534343659877777
mmlu,184,5,silent,50,909,31.56064224243164,0.7324112057685852,0.2768029570579529
mmlu,184,6,silent,55,1128,38.120933532714844,0.7092016339302063,0.2340659648180008
mmlu,184,7,silent,24,589,14.889387130737305,0.5960549712181091,0.12782569229602814
mmlu,184,8,silent,29,628,19.509885787963867,0.6109994649887085,0.18678788840770721
mmlu,184,9,silent,23,534,10.061651229858398,0.6018163561820984,0.18979349732398987
mmlu,185,0,silent,32,743,21.571483612060547,0.6317170262336731,0.19642773270606995
mmlu,185,1,silent,37,842,27.40631103515625,0.7049892544746399,0.27450400590896606
mmlu,185,10,silent,26,490,16.388347625732422,0.6174342036247253,0.19839882850646973
mmlu,185,11,silent,38,817,28.80137062072754,0.6477529406547546,0.22162237763404846
mmlu,185,12,verbalizing,46,941,36.760379791259766,0.6394137740135193,0.15593799948692322
mmlu,185,14,silent,28,591,16.832508087158203,0.6869074702262878,0.2920345067977905
mmlu,185,16,silent,38,846,26.64995765686035,0.6913328170776367,0.24615029990673065
mmlu,185,17,silent,37,749,18.569866180419922,0.6835687160491943,0.28520289063453674
mmlu,185,18,silent,33,774,23.685667037963867,0.7623098492622375,0.2894350588321686
mmlu,185,19,silent,49,1085,35.183902740478516,0.7293455004692078,0.3069036304950714
mmlu,185,2,silent,28,583,14.624114990234375,0.7263717651367188,0.312290221452713
mmlu,185,3,silent,28,555,18.274301528930664,0.6599065065383911,0.2417464703321457
mmlu,185,4,silent,30,641,20.833297729492188,0.6541116237640381,0.2649407982826233
mmlu,185,5,silent,45,806,35.97627639770508,0.6973952651023865,0.26086369156837463
mmlu,185,6,verbalizing,31,661,14.998481750488281,0.6590330004692078,0.2667495310306549
mmlu,185,7,silent,31,589,18.147886276245117,0.6916992664337158,0.2879825234413147
mmlu,185,8,silent,39,663,29.89884376525879,0.6373526453971863,0.22165408730506897
mmlu,187,0,silent,26,617,16.953046798706055,0.7021413445472717,0.13940657675266266
mmlu,187,1,silent,44,841,34.733238220214844,0.9380759000778198,0.25027310848236084
mmlu,187,10,silent,21,454,11.14961051940918,0.6373726725578308,0.18304795026779175
mmlu,187,11,silent,28,607,19.04343032836914,0.7911779880523682,0.07702647149562836
mmlu,187,12,silent,23,523,14.054971694946289,0.6634460687637329,0.10973598808050156
mmlu,187,13,silent,23,547,14.045892715454102,0.84513258934021,0.1233343705534935
mmlu,187,14,silent,19,518,9.915388107299805,0.7737716436386108,0.177064910531044
mmlu,187,15,silent,29,649,20.041521072387695,0.6361571550369263,0.08727551996707916
mmlu,187,16,silent,25,637,10.677695274353027,0.629681408405304,0.1907687485218048
mmlu,187,17,silent,34,684,23.950281143188477,0.9079263210296631,0.28496241569519043
mmlu,187,18,silent,25,537,13.994293212890625,0.7405184507369995,0.22241798043251038
mmlu,187,19,silent,40,787,30.99178123474121,0.9161666631698608,0.2395542562007904
mmlu,187,2,silent,26,561,10.285421371459961,0.7899079918861389,0.2314336597919464
mmlu,187,3,silent,24,498,15.05193042755127,0.6620150804519653,0.11482888460159302
mmlu,187,4,silent,24,558,14.452441215515137,0.834741473197937,0.19652600586414337
mmlu,187,5,silent,34,762,25.034061431884766,0.7184975147247314,0.10596053302288055
mmlu,187,6,silent,51,998,40.4947509765625,0.9244248867034912,0.2555670738220215
mmlu,187,7,verbalizing,44,1010,34.48701858520508,0.9262154698371887,0.2308708131313324
mmlu,187,8,silent,30,692,12.769775390625,0.9450889825820923,0.14431390166282654
mmlu,187,9,verbalizing,29,577,20.030275344848633,0.8507091403007507,0.16131402552127838
mmlu,188,12,verbalizing,30,599,21.026695251464844,0.6570465564727783,0.12240476906299591
mmlu,188,13,verbalizing,35,642,20.99020004272461,0.8564110398292542,0.29585981369018555
mmlu,188,15,verbalizing,43,801,31.093053817749023,0.9278152585029602,0.33466869592666626
mmlu,188,16,verbalizing,33,585,23.965566635131836,0.6817144751548767,0.21407420933246613
mmlu,188,18,silent,26,565,17.04121208190918,0.6670477390289307,0.1689108908176422
mmlu,188,19,silent,26,534,15.422653198242188,0.8142307996749878,0.3082190454006195
mmlu,188,3,verbalizing,38,721,19.85330581665039,0.6765556335449219,0.241953045129776
mmlu,188,5,verbalizing,57,1126,47.55521774291992,0.9064866304397583,0.31404051184654236
mmlu,188,6,verbalizing,22,481,13.023239135742188,0.6514121890068054,0.13613232970237732
mmlu,188,9,verbalizing,43,821,24.137813568115234,0.810900092124939,0.2866920530796051
mmlu,191,1,silent,24,609,10.747634887695312,0.6080926656723022,0.21901774406433105
mmlu,191,10,silent,19,487,10.070413589477539,0.619558572769165,0.14276130497455597
mmlu,191,11,verbalizing,47,923,31.64499855041504,0.7813917994499207,0.29810741543769836
mmlu,191,12,silent,26,667,17.036945343017578,0.7120005488395691,0.25868743658065796
mmlu,191,13,silent,27,699,18.039508819580078,0.5964066386222839,0.10032476484775543
mmlu,191,14,silent,24,615,15.037419319152832,0.5779362916946411,0.09742237627506256
mmlu,191,15,silent,16,394,7.076835632324219,0.6489881873130798,0.1778128296136856
mmlu,191,16,silent,21,474,11.989062309265137,0.648409903049469,0.16515164077281952
mmlu,191,17,verbalizing,24,641,14.665159225463867,0.8495285511016846,0.24223992228507996
mmlu,191,18,silent,20,498,10.816096305847168,0.5828120112419128,0.12167610973119736
mmlu,191,19,silent,17,449,6.680397987365723,0.7789039611816406,0.267924964427948
mmlu,191,2,silent,14,411,4.857065677642822,0.6645366549491882,0.23882655799388885
mmlu,191,3,silent,17,407,8.039178848266602,0.7441721558570862,0.26627352833747864
mmlu,191,4,silent,16,395,4.5114922523498535,0.7065845131874084,0.30917707085609436
mmlu,191,5,verbalizing,38,827,21.261512756347656,0.7602338790893555,0.2594107389450073
mmlu,191,6,silent,26,605,17.01777458190918,0.5990034937858582,0.15843702852725983
mmlu,191,7,silent,19,512,10.033014297485352,0.5823001265525818,0.10876067727804184
mmlu,191,9,silent,27,829,11.857786178588867,0.8295242190361023,0.2627865970134735
mmlu,195,0,silent,22,566,13.057741165161133,0.7592188715934753,0.0646919459104538
mmlu,195,1,silent,23,548,14.052751541137695,0.6031753420829773,0.10024912655353546
mmlu,195,10,silent,19,603,9.496034622192383,0.6445412039756775,0.1885281801223755
mmlu,195,11,silent,27,550,17.8670654296875,0.666529655456543,0.20227058231830597
mmlu,195,12,verbalizing,20,595,11.06638240814209,0.6060581207275391,0.10673294216394424
mmlu,195,13,silent,24,577,13.334485054016113,0.5841848254203796,0.16617588698863983
mmlu,195,14,silent,31,685,22.001585006713867,0.6238018274307251,0.13859252631664276
mmlu,195,15,verbalizing,24,520,15.032366752624512,0.5875322818756104,0.16131417453289032
mmlu,195,16,silent,25,566,16.042110443115234,0.6046602725982666,0.1686038225889206
mmlu,195,17,silent,25,554,14.186315536499023,0.7903690338134766,0.16837115585803986
mmlu,195,18,silent,17,479,6.222146511077881,0.5892102718353271,0.1716489940881729
mmlu,195,19,silent,23,631,14.055376052856445,0.6018187999725342,0.11286492645740509
mmlu,195,2,verbalizing,32,702,16.697330474853516,0.7678052186965942,0.24841031432151794
mmlu,195,3,silent,26,644,9.892099380493164,0.6418774724006653,0.2260366976261139
mmlu,195,4,silent,25,576,11.743668556213379,0.626325249671936,0.23128721117973328
mmlu,195,5,silent,26,725,17.047391891479492,0.8588878512382507,0.1346777081489563
mmlu,195,6,silent,17,507,8.080787658691406,0.7278544902801514,0.10305728018283844
mmlu,195,7,silent,24,577,15.027874946594238,0.668778657913208,0.2351464331150055
mmlu,195,8,silent,21,563,12.055699348449707,0.6740936636924744,0.1528777778148651
mmlu,195,9,silent,26,715,17.039384841918945,0.7110879421234131,0.13659372925758362
mmlu,197,10,silent,36,683,17.142757415771484,0.9749791026115417,0.32068103551864624
mmlu,197,11,silent,36,609,15.024179458618164,0.9784392714500427,0.3229391872882843
mmlu,197,13,silent,67,1184,52.415496826171875,0.9925809502601624,0.2599944472312927
mmlu,197,17,silent,48,809,22.857379913330078,0.9698220491409302,0.32261115312576294
mmlu,197,19,silent,65,1263,53.08509063720703,0.9832548499107361,0.21583926677703857
mmlu,197,2,silent,50,993,28.436420440673828,0.9751358032226562,0.29048413038253784
mmlu,197,4,silent,49,774,28.21430015563965,0.9749292135238647,0.3319091200828552
mmlu,197,5,verbalizing,38,742,18.11407470703125,0.9797938466072083,0.32742708921432495
mmlu,197,8,silent,57,940,27.320993423461914,0.985144317150116,0.34141677618026733
mmlu,197,9,verbalizing,53,812,27.882709503173828,0.9802954196929932,0.3374110758304596
mmlu,19,10,verbalizing,27,474,18.044790267944336,0.6652677059173584,0.15502701699733734
mmlu,19,11,silent,23,519,14.044145584106445,0.6134016513824463,0.17430749535560608
mmlu,19,12,silent,28,469,19.041179656982422,0.6727665066719055,0.15303996205329895
mmlu,19,13,silent,23,425,11.482719421386719,0.766437292098999,0.31714537739753723
mmlu,19,14,silent,15,363,5.34279727935791,0.6812728643417358,0.2927824556827545
mmlu,19,16,silent,18,401,9.06607437133789,0.6028460264205933,0.14930930733680725
mmlu,19,17,silent,28,524,18.8439884185791,0.7157770991325378,0.2314470112323761
mmlu,19,18,silent,24,434,15.04583740234375,0.688273012638092,0.2416156530380249
mmlu,19,19,silent,16,413,7.090681552886963,0.6816688776016235,0.14674773812294006
mmlu,19,2,silent,20,450,9.182790756225586,0.7626945972442627,0.3006298840045929
mmlu,19,3,silent,19,417,10.043977737426758,0.6709244847297668,0.29044821858406067
mmlu,19,4,verbalizing,24,475,15.052470207214355,0.602111279964447,0.12143521010875702
mmlu,19,6,silent,30,506,19.83747100830078,0.6896961331367493,0.27254703640937805
mmlu,19,7,silent,19,439,10.068860054016113,0.647518515586853,0.19246937334537506
mmlu,19,8,silent,30,755,21.036792755126953,0.7641058564186096,0.11937926709651947
mmlu,19,9,silent,22,429,13.032041549682617,0.6553634405136108,0.1930042803287506
mmlu,1,0,silent,23,481,9.259697914123535,0.8719046115875244,0.3088853359222412
mmlu,1,1,verbalizing,28,547,16.62529754638672,0.7843068242073059,0.22271689772605896
mmlu,1,10,silent,27,549,18.01730728149414,0.7328129410743713,0.2892835736274719
mmlu,1,11,verbalizing,22,523,12.947280883789062,0.7286950349807739,0.25662386417388916
mmlu,1,12,verbalizing,31,686,22.032264709472656,0.7566603422164917,0.23798751831054688
mmlu,1,13,verbalizing,24,533,15.050517082214355,0.8719823956489563,0.2296244353055954
mmlu,1,14,verbalizing,27,595,11.270195007324219,0.7317065000534058,0.2815231382846832
mmlu,1,15,silent,43,925,32.7293815612793,0.7250024676322937,0.19152194261550903
mmlu,1,16,verbalizing,21,445,12.058916091918945,0.6448449492454529,0.1424848884344101
mmlu,1,17,silent,23,431,14.053955078125,0.5626817345619202,0.07280203700065613
mmlu,1,18,silent,37,750,27.996362686157227,0.787662148475647,0.17454227805137634
mmlu,1,19,silent,14,363,5.111077785491943,0.6697191596031189,0.11127576977014542
mmlu,1,2,verbalizing,16,441,7.075198173522949,0.7892938256263733,0.2457762509584427
mmlu,1,3,silent,23,457,9.838544845581055,0.8499578237533569,0.23798517882823944
mmlu,1,4,verbalizing,27,634,12.194534301757812,0.713018536567688,0.2760198414325714
mmlu,1,5,silent,23,481,11.53996753692627,0.7144477963447571,0.25217992067337036
mmlu,1,6,silent,26,476,16.62668800354004,0.8260701298713684,0.20196294784545898
mmlu,1,7,verbalizing,26,614,14.910722732543945,0.8663464188575745,0.27240854501724243
mmlu,1,8,silent,27,549,18.04385757446289,0.6770715713500977,0.13029852509498596
mmlu,1,9,silent,29,516,15.126325607299805,0.8883669376373291,0.3167089819908142
mmlu,20,10,silent,37,927,27.484664916992188,0.7026507258415222,0.19240310788154602
mmlu,20,11,verbalizing,25,613,15.161447525024414,0.5875117182731628,0.19782757759094238
mmlu,20,12,verbalizing,40,1111,29.579015731811523,0.7355915307998657,0.25365665555000305
mmlu,20,13,verbalizing,50,1298,34.882911682128906,0.7153924107551575,0.19852092862129211
mmlu,20,14,silent,43,1122,31.62636947631836,0.7551802396774292,0.2203473150730133
mmlu,20,15,silent,47,1287,38.00290298461914,0.7943238615989685,0.1429731547832489
mmlu,20,17,verbalizing,37,1029,27.575963973999023,0.6607627272605896,0.24438448250293732
mmlu,20,18,silent,31,702,18.15176010131836,0.6982758641242981,0.1336730271577835
mmlu,20,2,verbalizing,33,892,18.589229583740234,0.624621570110321,0.23847708106040955
mmlu,20,3,verbalizing,34,918,23.94692611694336,0.6143975853919983,0.19324013590812683
mmlu,20,6,verbalizing,26,701,14.915786743164062,0.6160532236099243,0.2260703146457672
mmlu,20,9,silent,31,879,12.460042953491211,0.6201981902122498,0.215931698679924
mmlu,21,1,verbalizing,39,885,26.85173988342285,0.9208468198776245,0.2608542740345001
mmlu,21,10,silent,60,985,50.912357330322266,0.7233696579933167,0.15464548766613007
mmlu,21,13,silent,31,644,19.03374481201172,0.6288556456565857,0.2298542708158493
mmlu,21,14,verbalizing,90,1619,81.00171661376953,0.7692429423332214,0.15923142433166504
mmlu,21,15,silent,21,483,12.05103588104248,0.5558338165283203,0.12640848755836487
mmlu,21,17,silent,52,944,43.01752471923828,0.6952112913131714,0.15575501322746277
mmlu,21,19,verbalizing,37,681,28.02651023864746,0.6747490167617798,0.18442939221858978
mmlu,21,2,verbalizing,54,1077,42.08386993408203,0.7289858460426331,0.12514197826385498
mmlu,21,5,silent,18,479,9.050535202026367,0.5925896167755127,0.19807890057563782
mmlu,21,6,silent,46,949,37.021461486816406,0.735937237739563,0.08252948522567749
mmlu,21,7,verbalizing,47,956,38.007850646972656,0.7114707231521606,0.10630501806735992
mmlu,23,0,verbalizing,26,611,17.01846694946289,0.9570274949073792,0.3352474570274353
mmlu,23,1,silent,31,628,17.395021438598633,0.8782094120979309,0.21800434589385986
mmlu,23,10,silent,18,403,8.733964920043945,0.7955518960952759,0.15162062644958496
mmlu,23,11,silent,29,778,20.041126251220703,0.8246843218803406,0.09954874217510223
mmlu,23,12,silent,34,699,24.706287384033203,0.8499968647956848,0.22466988861560822
mmlu,23,13,silent,21,499,11.965021133422852,0.6672275066375732,0.14070768654346466
mmlu,23,14,silent,20,474,10.022197723388672,0.7733394503593445,0.17933285236358643
mmlu,23,15,silent,31,606,21.934219360351562,0.7680777907371521,0.15392865240573883
mmlu,23,16,silent,25,538,9.158478736877441,0.7655371427536011,0.2557465136051178
mmlu,23,17,verbalizing,28,681,19.04156494140625,0.9029249548912048,0.15429675579071045
mmlu,23,18,silent,11,236,2.1648499965667725,0.6076442003250122,0.16565488278865814
mmlu,23,19,silent,27,616,13.223727226257324,0.8622925281524658,0.22843801975250244
mmlu,23,2,silent,22,491,8.19935417175293,0.8983022570610046,0.30520159006118774
mmlu,23,3,silent,23,470,13.993963241577148,0.6384235620498657,0.16024181246757507
mmlu,23,4,verbalizing,30,674,13.656784057617188,0.973511278629303,0.3486064374446869
mmlu,23,5,silent,32,672,13.785662651062012,0.8583036065101624,0.2849348187446594
mmlu,23,6,verbalizing,26,688,16.90243911743164,0.917019784450531,0.1417628526687622
mmlu,23,7,verbalizing,27,636,17.853607177734375,0.9384384751319885,0.11450294405221939
mmlu,23,8,verbalizing,25,562,11.867117881774902,0.9317456483840942,0.32959941029548645
mmlu,23,9,silent,19,430,7.357357025146484,0.6367990970611572,0.22824716567993164
mmlu,27,0,silent,31,625,16.113069534301758,0.9582045078277588,0.29712533950805664
mmlu,27,1,silent,20,457,10.066380500793457,0.9100720882415771,0.32156404852867126
mmlu,27,10,verbalizing,45,862,33.403419494628906,0.9464322328567505,0.2791055142879486
mmlu,27,12,silent,20,464,8.34804630279541,0.7624173760414124,0.20815828442573547
mmlu,27,13,silent,23,493,14.054837226867676,0.7213945984840393,0.08873847872018814
mmlu,27,14,silent,20,399,11.065906524658203,0.6344375610351562,0.11308443546295166
mmlu,27,15,silent,26,525,17.04612922668457,0.6851630806922913,0.1337224543094635
mmlu,27,16,silent,26,464,16.227067947387695,0.6178675889968872,0.15534599125385284
mmlu,27,17,silent,25,508,11.308793067932129,0.7738928198814392,0.15812893211841583
mmlu,27,18,silent,30,539,19.132360458374023,0.8189717531204224,0.2493518590927124
mmlu,27,19,silent,23,442,10.106328964233398,0.9602217078208923,0.3345416784286499
mmlu,27,2,verbalizing,19,424,5.789695739746094,0.7779014706611633,0.29682838916778564
mmlu,27,3,silent,23,471,11.67977237701416,0.7399564385414124,0.24691469967365265
mmlu,27,4,verbalizing,20,379,11.007078170776367,0.7334156036376953,0.17699894309043884
mmlu,27,5,silent,27,548,18.044910430908203,0.6821247339248657,0.14422497153282166
mmlu,27,6,silent,23,496,14.002752304077148,0.6416617035865784,0.13442537188529968
mmlu,27,7,silent,26,551,16.126462936401367,0.8245393633842468,0.22983911633491516
mmlu,27,8,silent,25,469,15.170015335083008,0.7133632898330688,0.19383016228675842
mmlu,27,9,silent,43,779,23.59366226196289,0.7986735105514526,0.17868591845035553
mmlu,28,1,silent,33,721,23.95264434814453,0.6590110659599304,0.13654664158821106
mmlu,28,10,verbalizing,52,978,42.29561996459961,0.6354072690010071,0.1448051631450653
mmlu,28,11,verbalizing,40,1009,30.340286254882812,0.6497355103492737,0.1415882110595703
mmlu,28,12,verbalizing,50,936,40.991905212402344,0.6684293150901794,0.13601639866828918
mmlu,28,13,silent,30,641,21.035991668701172,0.5819563269615173,0.08543534576892853
mmlu,28,14,verbalizing,49,966,39.81885528564453,0.5871724486351013,0.1303558349609375
mmlu,28,15,silent,36,728,26.812204360961914,0.6451666355133057,0.11258675158023834
mmlu,28,16,verbalizing,48,1165,38.80677032470703,0.705471932888031,0.14938898384571075
mmlu,28,18,verbalizing,58,1302,49.01613998413086,0.6866490840911865,0.07330954074859619
mmlu,28,19,verbalizing,48,1088,38.419349670410156,0.6513945460319519,0.1400284618139267
mmlu,28,2,verbalizing,45,1133,36.02341842651367,0.6775197386741638,0.07841534912586212
mmlu,28,4,verbalizing,38,852,26.85970115661621,0.6557983160018921,0.16323132812976837
mmlu,28,6,verbalizing,54,1029,44.78987503051758,0.6624400019645691,0.11928560584783554
mmlu,28,7,verbalizing,38,769,29.025894165039062,0.6178721189498901,0.07310853898525238
mmlu,37,13,verbalizing,26,498,16.967357635498047,0.6508388519287109,0.19974735379219055
mmlu,37,16,verbalizing,45,824,31.17377281188965,0.8242462873458862,0.29269421100616455
mmlu,37,17,verbalizing,38,742,24.821413040161133,0.7275523543357849,0.23263612389564514
mmlu,37,4,silent,35,581,26.002498626708984,0.8056314587593079,0.2371155470609665
mmlu,37,9,silent,31,537,21.87529754638672,0.6520902514457703,0.21752944588661194
mmlu,39,0,silent,34,803,20.817859649658203,0.7245909571647644,0.2417752742767334
mmlu,39,1,silent,47,1021,37.95430374145508,0.7431201934814453,0.125508651137352
mmlu,39,14,silent,31,660,21.101531982421875,0.75673508644104,0.2772431969642639
mmlu,39,16,verbalizing,54,1244,44.998146057128906,0.7928179502487183,0.20941491425037384
mmlu,39,18,verbalizing,41,965,29.46112632751465,0.8305126428604126,0.25778380036354065
mmlu,39,19,silent,42,928,31.650203704833984,0.7243161797523499,0.23137184977531433
mmlu,3,0,silent,25,545,13.225814819335938,0.6269547939300537,0.19424793124198914
mmlu,3,1,silent,31,627,19.371826171875,0.8979896903038025,0.07920753955841064
mmlu,3,10,silent,32,594,19.906475067138672,0.6358501315116882,0.18342599272727966
mmlu,3,11,verbalizing,30,659,21.037742614746094,0.7251120209693909,0.16506262123584747
mmlu,3,12,silent,38,710,22.5033016204834,0.7456044554710388,0.23016178607940674
mmlu,3,13,silent,18,437,6.89075231552124,0.7831363677978516,0.31113991141319275
mmlu,3,14,silent,28,585,18.965389251708984,0.6273707747459412,0.14477238059043884
mmlu,3,15,silent,28,573,19.023883819580078,0.5794588923454285,0.11286665499210358
mmlu,3,16,silent,29,619,19.559125900268555,0.9062532782554626,0.23707914352416992
mmlu,3,17,silent,28,594,18.998605728149414,0.6293255090713501,0.18488936126232147
mmlu,3,18,silent,21,488,12.061234474182129,0.7608264684677124,0.12545810639858246
mmlu,3,19,silent,32,666,12.913350105285645,0.8078668117523193,0.26530253887176514
mmlu,3,2,silent,29,564,18.477319717407227,0.6961573362350464,0.26146283745765686
mmlu,3,3,silent,31,623,22.03752326965332,0.82087641954422,0.14766691625118256
mmlu,3,4,silent,26,549,16.969213485717773,0.6977976560592651,0.1827426552772522
mmlu,3,5,silent,28,594,19.042804718017578,0.5793512463569641,0.10574585199356079
mmlu,3,6,silent,21,522,8.81928539276123,0.7457113862037659,0.3129730522632599
mmlu,3,7,silent,32,616,12.181434631347656,0.7778047919273376,0.2647302746772766
mmlu,3,8,silent,25,495,15.979368209838867,0.6059693694114685,0.15925592184066772
mmlu,3,9,verbalizing,26,573,17.012414932250977,0.7457206845283508,0.20151829719543457
mmlu,40,0,silent,35,598,23.726055145263672,0.6530815362930298,0.2679899334907532
mmlu,40,1,silent,27,584,17.348365783691406,0.8765968084335327,0.25957247614860535
mmlu,40,13,verbalizing,29,659,18.713268280029297,0.6452245116233826,0.2302428036928177
mmlu,40,14,silent,52,1185,26.728322982788086,0.8303139805793762,0.2633783519268036
mmlu,40,16,silent,53,1112,44.02022171020508,0.775199830532074,0.07465852797031403
mmlu,40,2,verbalizing,46,954,37.020347595214844,0.9583381414413452,0.2880507707595825
mmlu,40,8,silent,69,1247,51.000099182128906,0.9719894528388977,0.3369273543357849
mmlu,43,0,silent,24,579,14.860544204711914,0.6591924428939819,0.25287967920303345
mmlu,43,1,silent,24,558,15.041131973266602,0.6806407570838928,0.21921928226947784
mmlu,43,10,verbalizing,29,686,12.3396635055542,0.6871209740638733,0.1985895335674286
mmlu,43,11,verbalizing,29,681,18.62891960144043,0.7318955659866333,0.22209033370018005
mmlu,43,12,silent,38,737,26.103652954101562,0.7140423059463501,0.2536180019378662
mmlu,43,13,silent,32,673,22.925601959228516,0.7355663776397705,0.21250326931476593
mmlu,43,14,silent,18,465,9.067102432250977,0.6749780774116516,0.26897141337394714
mmlu,43,15,silent,37,729,27.875158309936523,0.7069676518440247,0.21048907935619354
mmlu,43,16,verbalizing,25,582,16.04970932006836,0.5611377954483032,0.08205541223287582
mmlu,43,17,verbalizing,26,674,16.493648529052734,0.7134040594100952,0.19368396699428558
mmlu,43,18,silent,20,508,11.066144943237305,0.6368029713630676,0.12643612921237946
mmlu,43,19,verbalizing,20,501,10.525330543518066,0.627458930015564,0.1810157150030136
mmlu,43,2,verbalizing,29,666,9.138010025024414,0.8126503229141235,0.23456159234046936
mmlu,43,3,verbalizing,37,752,20.002452850341797,0.8165072202682495,0.2907664179801941
mmlu,43,4,verbalizing,28,554,17.600265502929688,0.6508389115333557,0.17233267426490784
mmlu,43,5,silent,23,475,13.46489429473877,0.6783336400985718,0.2800389528274536
mmlu,43,6,silent,23,487,14.040844917297363,0.6767462491989136,0.2085985392332077
mmlu,43,7,verbalizing,30,630,20.94198989868164,0.6321923732757568,0.16087931394577026
mmlu,43,8,verbalizing,21,474,7.167884826660156,0.7442637085914612,0.2647390365600586
mmlu,43,9,silent,26,494,16.900482177734375,0.6136223673820496,0.1824890375137329
mmlu,48,0,silent,21,467,12.049094200134277,0.6609090566635132,0.1593378335237503
mmlu,48,1,silent,23,524,13.178716659545898,0.7410873174667358,0.25365573167800903
mmlu,48,10,silent,25,504,16.033517837524414,0.6969150900840759,0.16847500205039978
mmlu,48,11,silent,22,501,12.81128215789795,0.6173136234283447,0.16769644618034363
mmlu,48,13,silent,29,599,19.0375919342041,0.7722077965736389,0.2044862061738968
mmlu,48,14,silent,18,448,9.07688045501709,0.5285174250602722,0.06284819543361664
mmlu,48,15,silent,16,398,7.077208518981934,0.6779957413673401,0.2258540689945221
mmlu,48,16,silent,25,495,15.866124153137207,0.5918847322463989,0.12561288475990295
mmlu,48,17,silent,20,474,8.186227798461914,0.7726268768310547,0.20846465229988098
mmlu,48,18,silent,24,512,14.890501022338867,0.6102522015571594,0.1678745150566101
mmlu,48,19,silent,20,455,6.8192291259765625,0.5974537134170532,0.20647935569286346
mmlu,48,2,silent,22,517,11.648632049560547,0.6148725152015686,0.21071520447731018
mmlu,48,3,silent,21,441,12.059565544128418,0.637915313243866,0.1662512868642807
mmlu,48,4,verbalizing,77,1447,68.00679016113281,0.7612636089324951,0.08481831103563309
mmlu,48,5,silent,30,544,21.02214241027832,0.7489188313484192,0.12223093211650848
mmlu,48,6,silent,19,513,8.527159690856934,0.7986791133880615,0.2895886301994324
mmlu,48,7,verbalizing,44,794,35.007118225097656,0.7206279635429382,0.07662864029407501
mmlu,48,8,silent,24,521,14.995885848999023,0.7155179381370544,0.2046143114566803
mmlu,48,9,silent,26,476,16.67257308959961,0.8955124020576477,0.32017847895622253
mmlu,4,0,silent,54,1242,43.019126892089844,0.8902804255485535,0.29369693994522095
mmlu,4,1,silent,67,1458,46.2421989440918,0.8343613147735596,0.15064121782779694
mmlu,4,17,silent,50,1223,30.68583106994629,0.8278162479400635,0.27520155906677246
mmlu,4,2,verbalizing,99,2048,90.0052490234375,0.8675708770751953,0.16314783692359924
mmlu,4,4,verbalizing,107,2048,98.00262451171875,0.8507129549980164,0.2307252585887909
mmlu,4,6,verbalizing,94,1881,84.57830810546875,0.9320362210273743,0.2801212668418884
mmlu,4,7,silent,58,1349,40.48413848876953,0.9350447058677673,0.2998315691947937
mmlu,4,8,silent,100,2048,77.45783996582031,0.9193199276924133,0.3175223469734192
mmlu,4,9,silent,61,1272,51.41712188720703,0.8372623324394226,0.23044224083423615
mmlu,50,0,silent,23,508,13.479632377624512,0.5514207482337952,0.10716595500707626
mmlu,50,1,silent,17,497,8.077285766601562,0.5441334843635559,0.10369691997766495
mmlu,50,10,silent,16,428,7.059608459472656,0.53755122423172,0.10050270706415176
mmlu,50,11,silent,24,528,14.98084545135498,0.5566343069076538,0.09387414157390594
mmlu,50,12,verbalizing,32,697,22.968219757080078,0.6562234163284302,0.11037268489599228
mmlu,50,13,silent,19,480,9.231325149536133,0.5685802698135376,0.14335371553897858
mmlu,50,14,silent,17,454,8.082504272460938,0.5350687503814697,0.0981469377875328
mmlu,50,15,silent,28,614,19.02077865600586,0.5500119924545288,0.0954430103302002
mmlu,50,16,silent,22,522,12.949766159057617,0.5554155111312866,0.11699006706476212
mmlu,50,17,silent,17,424,7.854619026184082,0.5591135025024414,0.127672478556633
mmlu,50,18,silent,18,484,8.377738952636719,0.570030927658081,0.14770932495594025
mmlu,50,19,silent,24,590,14.887211799621582,0.5709092617034912,0.11977162212133408
mmlu,50,2,silent,17,466,7.2943549156188965,0.5506811141967773,0.12891019880771637
mmlu,50,3,silent,22,501,13.0538330078125,0.5615450739860535,0.11786458641290665
mmlu,50,4,silent,21,498,12.055983543395996,0.5593324303627014,0.1000453382730484
mmlu,50,5,verbalizing,29,568,19.67546272277832,0.6183901429176331,0.1621500700712204
mmlu,50,6,silent,26,588,17.045852661132812,0.5220209956169128,0.060433872044086456
mmlu,50,7,silent,22,508,13.057470321655273,0.5554441809654236,0.0885210782289505
mmlu,50,8,verbalizing,30,695,20.867353439331055,0.6299954056739807,0.12241889536380768
mmlu,50,9,silent,26,514,16.922754287719727,0.5838715434074402,0.1651192307472229
mmlu,56,1,silent,75,1490,65.95673370361328,0.7686437964439392,0.2538030743598938
mmlu,56,10,silent,19,737,10.067403793334961,0.598398745059967,0.1837509572505951
mmlu,56,11,verbalizing,78,1770,68.9202880859375,0.8284587860107422,0.2552104592323303
mmlu,56,12,silent,16,717,7.089961051940918,0.6000524163246155,0.2113383561372757
mmlu,56,16,silent,23,760,14.053621292114258,0.5741554498672485,0.16265079379081726
mmlu,56,18,silent,23,799,14.05517578125,0.5944108366966248,0.18069949746131897
mmlu,56,19,silent,20,714,11.059699058532715,0.5989700555801392,0.2126973420381546
mmlu,56,2,silent,23,699,14.038480758666992,0.5892752408981323,0.18107137084007263
mmlu,56,5,silent,18,727,9.074384689331055,0.6299211978912354,0.2560346722602844
mmlu,56,8,verbalizing,66,1390,56.978729248046875,0.7284879088401794,0.2338986098766327
mmlu,68,0,silent,44,941,31.776718139648438,0.7316268682479858,0.27354949712753296
mmlu,68,10,verbalizing,72,1429,54.51898956298828,0.8032553195953369,0.18490253388881683
mmlu,68,11,silent,37,801,27.335979461669922,0.7386176586151123,0.2028840035200119
mmlu,68,12,silent,42,848,21.42824935913086,0.7376003265380859,0.2900829315185547
mmlu,68,15,verbalizing,60,1115,51.01321792602539,0.8168383240699768,0.10908230394124985
mmlu,68,16,verbalizing,56,1077,33.77253341674805,0.7586762309074402,0.2570895552635193
mmlu,68,18,silent,27,570,16.737621307373047,0.7035320997238159,0.2892175316810608
mmlu,68,19,verbalizing,35,724,21.935134887695312,0.7037926912307739,0.27354007959365845
mmlu,68,2,silent,26,607,16.93684959411621,0.670818567276001,0.21505920588970184
mmlu,68,6,verbalizing,70,1232,60.627960205078125,0.7831931710243225,0.1888771951198578
mmlu,68,8,silent,56,1044,42.48627471923828,0.8394914269447327,0.21405990421772003
mmlu,69,1,silent,26,656,12.034255981445312,0.7463805675506592,0.29954588413238525
mmlu,69,10,silent,31,646,21.956069946289062,0.6810919642448425,0.20928463339805603
mmlu,69,11,silent,63,1289,35.66051483154297,0.944458544254303,0.3184182345867157
mmlu,69,12,verbalizing,31,682,19.341995239257812,0.8967481255531311,0.2350492924451828
mmlu,69,13,silent,45,977,22.302291870117188,0.74976646900177,0.27306637167930603
mmlu,69,18,verbalizing,55,1217,45.97053909301758,0.934750497341156,0.3149414658546448
mmlu,69,19,verbalizing,30,728,20.963462829589844,0.757568895816803,0.24373702704906464
mmlu,69,2,silent,27,598,18.025066375732422,0.6109462380409241,0.1371694952249527
mmlu,69,5,silent,24,577,15.052484512329102,0.604606032371521,0.15902641415596008
mmlu,69,6,verbalizing,25,607,9.157182693481445,0.6813347935676575,0.22426609694957733
mmlu,69,7,verbalizing,30,685,21.003610610961914,0.7447359561920166,0.24197857081890106
mmlu,69,8,silent,29,742,16.641359329223633,0.7780059576034546,0.28308743238449097
mmlu,69,9,silent,29,613,19.592906951904297,0.6910878419876099,0.23191146552562714
mmlu,73,0,verbalizing,29,608,19.840761184692383,0.614572286605835,0.1380535215139389
mmlu,73,1,verbalizing,31,676,21.697134017944336,0.8143681287765503,0.23834328353405
mmlu,73,10,silent,20,457,10.949753761291504,0.6580858826637268,0.16011223196983337
mmlu,73,11,silent,32,561,23.03586769104004,0.6582358479499817,0.11215896904468536
mmlu,73,12,silent,34,657,14.829195976257324,0.688337504863739,0.280073344707489
mmlu,73,13,silent,23,524,14.051248550415039,0.677258312702179,0.18505409359931946
mmlu,73,14,verbalizing,31,590,21.64286231994629,0.6697927713394165,0.23003225028514862
mmlu,73,15,verbalizing,40,902,30.656381607055664,0.9795523285865784,0.2739766240119934
mmlu,73,16,verbalizing,30,572,21.039356231689453,0.6217291355133057,0.14254286885261536
mmlu,73,18,silent,21,439,12.062070846557617,0.6310077905654907,0.18407365679740906
mmlu,73,19,silent,36,770,26.99336814880371,0.7771514654159546,0.139760822057724
mmlu,73,2,silent,40,862,31.025390625,0.7073187232017517,0.18187418580055237
mmlu,73,3,verbalizing,22,490,12.019876480102539,0.6519721150398254,0.23527546226978302
mmlu,73,4,silent,21,451,12.049127578735352,0.6655205488204956,0.22688262164592743
mmlu,73,5,verbalizing,53,1023,37.935977935791016,0.812305748462677,0.19527503848075867
mmlu,73,6,silent,52,1030,40.88064956665039,0.8621666431427002,0.2386455535888672
mmlu,73,7,verbalizing,23,575,14.015287399291992,0.6462525129318237,0.17214839160442352
mmlu,73,8,verbalizing,28,565,19.041364669799805,0.653056800365448,0.17002138495445251
mmlu,73,9,silent,39,736,23.602886199951172,0.6617888808250427,0.21395078301429749
mmlu,78,0,silent,37,908,16.54713249206543,0.682633101940155,0.2541496157646179
mmlu,78,10,verbalizing,21,604,11.965198516845703,0.5987659096717834,0.1668424904346466
mmlu,78,12,silent,21,616,12.04738712310791,0.67036372423172,0.17874063551425934
mmlu,78,14,verbalizing,36,829,25.695016860961914,0.6347519159317017,0.20487971603870392
mmlu,78,15,silent,18,486,8.863183975219727,0.5757551789283752,0.13330602645874023
mmlu,78,16,silent,19,584,10.052409172058105,0.6598291993141174,0.1432667076587677
mmlu,78,17,silent,18,472,9.060726165771484,0.5609163045883179,0.11167299747467041
mmlu,78,18,verbalizing,37,941,27.543354034423828,0.640387237071991,0.22174601256847382
mmlu,78,19,verbalizing,18,510,8.9742431640625,0.566364049911499,0.12514731287956238
mmlu,78,2,verbalizing,23,588,10.246042251586914,0.5863975286483765,0.17160098254680634
mmlu,78,3,silent,21,530,11.647466659545898,0.6381600499153137,0.24886806309223175
mmlu,78,4,silent,20,540,11.06004810333252,0.6090831756591797,0.22226102650165558
mmlu,78,5,silent,15,453,6.063658714294434,0.5343464016914368,0.09701704978942871
mmlu,78,6,silent,32,768,10.834745407104492,0.6602191925048828,0.26176363229751587
mmlu,78,9,verbalizing,24,635,14.909268379211426,0.5949086546897888,0.1723242700099945
mmlu,79,1,silent,62,1318,45.060394287109375,0.6813361048698425,0.22528135776519775
mmlu,79,11,verbalizing,62,1326,52.87864303588867,0.7285589575767517,0.2051173746585846
mmlu,79,13,verbalizing,56,1128,46.9613151550293,0.747632622718811,0.2428102046251297
mmlu,79,16,silent,36,842,21.175918579101562,0.7169950008392334,0.268480122089386
mmlu,79,17,verbalizing,89,1629,79.96553039550781,0.8116849064826965,0.22875937819480896
mmlu,79,18,verbalizing,87,1757,77.97500610351562,0.8064919710159302,0.09543151408433914
mmlu,79,4,silent,54,1177,44.98173522949219,0.7063491940498352,0.1854061782360077
mmlu,79,5,silent,34,754,20.586780548095703,0.6787826418876648,0.25418519973754883
mmlu,79,6,verbalizing,73,1433,63.7144889831543,0.7307288646697998,0.19924548268318176
mmlu,79,7,silent,45,915,35.608829498291016,0.6650262475013733,0.25192001461982727
mmlu,79,8,silent,44,933,34.88066864013672,0.6778619885444641,0.24334612488746643
mmlu,7,0,silent,25,510,15.98131275177002,0.6492112874984741,0.16924278438091278
mmlu,7,1,verbalizing,65,1250,55.869384765625,0.8045942783355713,0.10365653038024902
mmlu,7,10,verbalizing,41,810,31.691802978515625,0.7262836694717407,0.17153429985046387
mmlu,7,11,silent,36,756,27.03066062927246,0.6587334871292114,0.13131310045719147
mmlu,7,12,silent,26,621,15.86986255645752,0.8476266264915466,0.24893060326576233
mmlu,7,13,silent,26,636,10.464911460876465,0.7817676663398743,0.23798768222332
mmlu,7,17,silent,38,734,28.908153533935547,0.786300003528595,0.15112373232841492
mmlu,7,18,silent,33,748,16.02399253845215,0.8124406337738037,0.23105184733867645
mmlu,7,3,silent,41,845,32.02635955810547,0.8280691504478455,0.13707929849624634
mmlu,7,5,verbalizing,79,1485,68.03395080566406,0.8327382802963257,0.22467024624347687
mmlu,7,6,silent,22,567,12.921783447265625,0.6047374606132507,0.14196902513504028
mmlu,7,7,verbalizing,30,581,13.669758796691895,0.6674333214759827,0.1997939646244049
mmlu,7,9,silent,39,838,29.5709285736084,0.7655524611473083,0.10661778599023819
mmlu,81,16,verbalizing,29,739,20.036718368530273,0.6179035902023315,0.1325126439332962
mmlu,81,19,verbalizing,39,964,28.778186798095703,0.6414464116096497,0.1615273356437683
mmlu,81,5,silent,44,1005,34.96574020385742,0.639505922794342,0.10832562297582626
mmlu,81,7,verbalizing,50,1054,40.9587516784668,0.7315390110015869,0.10591999441385269
mmlu,81,8,silent,20,523,10.890931129455566,0.571539580821991,0.127306267619133
mmlu,81,9,verbalizing,42,1047,32.84485626220703,0.6472069621086121,0.13438226282596588
mmlu,90,1,verbalizing,61,1107,40.86368179321289,0.7748657464981079,0.20164728164672852
mmlu,90,10,silent,34,727,25.03270149230957,0.6494263410568237,0.2302168309688568
mmlu,90,11,verbalizing,41,899,31.9447021484375,0.7304748296737671,0.2591056227684021
mmlu,90,13,silent,31,650,22.02889633178711,0.7043861150741577,0.30657559633255005
mmlu,90,15,silent,35,753,19.933979034423828,0.7289921641349792,0.2724265158176422
mmlu,90,17,verbalizing,62,1157,47.15849304199219,0.8296244144439697,0.22016136348247528
mmlu,90,18,verbalizing,51,949,36.453208923339844,0.6727274060249329,0.2361043244600296
mmlu,90,19,verbalizing,31,719,21.54983901977539,0.6508063077926636,0.2296002358198166
mmlu,90,2,silent,42,949,27.230295181274414,0.7080284357070923,0.27832329273223877
mmlu,90,3,silent,26,574,17.043123245239258,0.6463552713394165,0.21773500740528107
mmlu,90,4,verbalizing,36,757,27.01407814025879,0.6257861852645874,0.17786799371242523
mmlu,90,6,silent,42,785,29.58856201171875,0.8308925628662109,0.24732749164104462
mmlu,90,7,silent,43,816,27.629642486572266,0.7077509760856628,0.293987512588501
mmlu,90,8,silent,48,998,28.878787994384766,0.8252979516983032,0.16506969928741455
mmlu,90,9,silent,35,706,25.57826042175293,0.6979201436042786,0.1913507580757141
mmlu,94,0,verbalizing,70,1110,58.8786506652832,0.8809975981712341,0.2654264569282532
mmlu,94,1,silent,61,1163,52.01136016845703,0.7730358242988586,0.17889074981212616
mmlu,94,10,silent,81,1396,71.19779968261719,0.8605005741119385,0.2425442487001419
mmlu,94,11,verbalizing,34,608,25.027559280395508,0.9390133023262024,0.17013347148895264
mmlu,94,13,silent,42,909,33.025569915771484,0.6612434983253479,0.06865322589874268
mmlu,94,14,silent,71,1377,61.13458251953125,0.8326284885406494,0.25972357392311096
mmlu,94,15,verbalizing,63,1178,49.43557357788086,0.8851535320281982,0.282400906085968
mmlu,94,16,verbalizing,60,1045,50.99098205566406,0.8235620856285095,0.23496124148368835
mmlu,94,18,silent,43,840,34.025657653808594,0.914435088634491,0.2116750180721283
mmlu,94,19,silent,78,1437,62.54036331176758,0.8705825805664062,0.2805176377296448
mmlu,94,2,silent,48,1080,38.785037994384766,0.8875490427017212,0.2587759494781494
mmlu,94,3,verbalizing,46,780,37.02406692504883,0.8415167331695557,0.10312934219837189
mmlu,94,4,silent,54,1068,44.97411346435547,0.855047345161438,0.22119340300559998
mmlu,94,5,verbalizing,66,1190,55.567657470703125,0.8786577582359314,0.2721330523490906
mmlu,94,6,silent,74,1841,65.01158142089844,0.758755087852478,0.12206282466650009
mmlu,94,7,silent,20,470,11.066225051879883,0.537455141544342,0.09723343700170517
mmlu,94,8,silent,100,1597,90.02668762207031,0.897036612033844,0.26626813411712646
mmlu,94,9,silent,97,1710,87.84673309326172,0.8931918740272522,0.21486778557300568
mmlu,97,0,silent,32,686,23.035816192626953,0.7029987573623657,0.1371634304523468
mmlu,97,1,silent,28,584,15.523393630981445,0.7188330292701721,0.11287180334329605
mmlu,97,10,verbalizing,21,390,12.060194969177246,0.6108004450798035,0.13166594505310059
mmlu,97,11,silent,22,447,12.54273796081543,0.6106441020965576,0.18811652064323425
mmlu,97,12,verbalizing,21,406,12.007734298706055,0.6438722014427185,0.21613521873950958
mmlu,97,13,silent,20,458,11.065821647644043,0.619128942489624,0.16622412204742432
mmlu,97,14,verbalizing,24,523,15.051709175109863,0.6459782123565674,0.153788223862648
mmlu,97,15,verbalizing,30,594,18.75276756286621,0.8602801561355591,0.324146032333374
mmlu,97,16,verbalizing,27,493,14.375651359558105,0.7731455564498901,0.2721184492111206
mmlu,97,17,silent,22,487,13.042165756225586,0.6580373048782349,0.18894606828689575
mmlu,97,18,silent,25,562,7.76796817779541,0.6593571901321411,0.2674787640571594
mmlu,97,19,silent,32,625,23.032691955566406,0.6086185574531555,0.09239687025547028
mmlu,97,2,verbalizing,26,576,16.06131362915039,0.9542820453643799,0.28084099292755127
mmlu,97,3,verbalizing,32,653,21.742259979248047,0.6589536070823669,0.19017337262630463
mmlu,97,4,silent,19,400,10.069719314575195,0.6678087115287781,0.22939209640026093
mmlu,97,5,silent,12,298,2.6500496864318848,0.7832473516464233,0.3157508969306946
mmlu,97,6,silent,27,547,17.994325637817383,0.6217355132102966,0.19680356979370117
mmlu,97,7,verbalizing,33,613,23.990787506103516,0.6565285921096802,0.13590668141841888
mmlu,97,8,silent,23,505,13.215782165527344,0.743629515171051,0.21680331230163574
mmlu,97,9,silent,19,364,10.064299583435059,0.5858885645866394,0.12353537231683731
mmlu,9,0,silent,27,555,11.59865665435791,0.6756073236465454,0.2578202784061432
mmlu,9,1,verbalizing,27,782,12.687536239624023,0.7162874937057495,0.2146259993314743
mmlu,9,10,silent,38,836,23.916418075561523,0.784559965133667,0.27224141359329224
mmlu,9,11,silent,33,741,24.02353858947754,0.75925213098526,0.2877412438392639
mmlu,9,12,silent,29,584,15.043601989746094,0.7091594338417053,0.2868207097053528
mmlu,9,13,verbalizing,49,1038,29.259052276611328,0.8102149963378906,0.24706538021564484
mmlu,9,14,silent,28,633,16.473264694213867,0.738192617893219,0.3264501988887787
mmlu,9,15,silent,41,800,32.02264404296875,0.7576108574867249,0.11451641470193863
mmlu,9,16,silent,32,741,17.782180786132812,0.7629489898681641,0.26410046219825745
mmlu,9,17,silent,42,1016,24.285655975341797,0.7784295678138733,0.24237504601478577
mmlu,9,18,silent,34,659,20.9752140045166,0.7327951192855835,0.2514825165271759
mmlu,9,19,silent,36,799,24.537723541259766,0.7453655004501343,0.3012969493865967
mmlu,9,2,silent,31,639,17.471485137939453,0.7486929297447205,0.2871149182319641
mmlu,9,3,silent,32,656,19.87009048461914,0.7364099621772766,0.2860713303089142
mmlu,9,4,silent,36,716,17.910802841186523,0.7610272765159607,0.22020260989665985
mmlu,9,5,silent,27,616,13.86225700378418,0.7176981568336487,0.2660458981990814
mmlu,9,6,verbalizing,39,840,29.073837280273438,0.7481383085250854,0.2266637533903122
mmlu,9,7,silent,36,821,23.518535614013672,0.7543772459030151,0.27463793754577637
mmlu,9,8,silent,38,816,29.026626586914062,0.7491706609725952,0.15237338840961456
mmlu,9,9,silent,32,707,22.388490676879883,0.7399762272834778,0.21560637652873993
